schema_version,run_id,series_id,process_index,sequence_index,host_submission_ns,host_wait_ns,host_completion_ns,status
2,ex2-s5-e1-d1w-p08,5cd04418d6a179a1a3c130c64bbe66c249c2a94bf8bdc67b5dd06491cb49546b,4,0,1365100,54713000,56078100,ok
2,ex2-s5-e1-d1w-p08,5cd04418d6a179a1a3c130c64bbe66c249c2a94bf8bdc67b5dd06491cb49546b,4,1,600800,81113700,81714500,ok
2,ex2-s5-e1-d1w-p08,5cd04418d6a179a1a3c130c64bbe66c249c2a94bf8bdc67b5dd06491cb49546b,4,2,441800,74233800,74675600,ok
2,ex2-s5-e1-d1w-p08,5cd04418d6a179a1a3c130c64bbe66c249c2a94bf8bdc67b5dd06491cb49546b,4,3,506900,6875300,7382200,ok
2,ex2-s5-e1-d1w-p08,5cd04418d6a179a1a3c130c64bbe66c249c2a94bf8bdc67b5dd06491cb49546b,4,4,469300,1292300,1761600,ok
2,ex2-s5-e1-d1w-p08,5cd04418d6a179a1a3c130c64bbe66c249c2a94bf8bdc67b5dd06491cb49546b,4,5,414600,1350200,1764800,ok
2,ex2-s5-e1-d1w-p08,5cd04418d6a179a1a3c130c64bbe66c249c2a94bf8bdc67b5dd06491cb49546b,4,6,445700,1180300,1626000,ok
2,ex2-s5-e1-d1w-p08,5cd04418d6a179a1a3c130c64bbe66c249c2a94bf8bdc67b5dd06491cb49546b,4,7,473000,1153500,1626500,ok
2,ex2-s5-e1-d1w-p08,5cd04418d6a179a1a3c130c64bbe66c249c2a94bf8bdc67b5dd06491cb49546b,4,8,438900,1323400,1762300,ok
2,ex2-s5-e1-d1w-p08,5cd04418d6a179a1a3c130c64bbe66c249c2a94bf8bdc67b5dd06491cb49546b,4,9,446800,1178600,1625400,ok
2,ex2-s5-e1-d1w-p08,5cd04418d6a179a1a3c130c64bbe66c249c2a94bf8bdc67b5dd06491cb49546b,4,10,721400,906900,1628300,ok
2,ex2-s5-e1-d1w-p08,5cd04418d6a179a1a3c130c64bbe66c249c2a94bf8bdc67b5dd06491cb49546b,4,11,463300,1300500,1763800,ok
2,ex2-s5-e1-d1w-p08,5cd04418d6a179a1a3c130c64bbe66c249c2a94bf8bdc67b5dd06491cb49546b,4,12,1743900,580600,2324500,ok
2,ex2-s5-e1-d1w-p08,5cd04418d6a179a1a3c130c64bbe66c249c2a94bf8bdc67b5dd06491cb49546b,4,13,1838700,6000,1844700,ok
2,ex2-s5-e1-d1w-p08,5cd04418d6a179a1a3c130c64bbe66c249c2a94bf8bdc67b5dd06491cb49546b,4,14,440800,1184800,1625600,ok
2,ex2-s5-e1-d1w-p08,5cd04418d6a179a1a3c130c64bbe66c249c2a94bf8bdc67b5dd06491cb49546b,4,15,494100,1128800,1622900,ok
2,ex2-s5-e1-d1w-p08,5cd04418d6a179a1a3c130c64bbe66c249c2a94bf8bdc67b5dd06491cb49546b,4,16,493200,1573800,2067000,ok
2,ex2-s5-e1-d1w-p08,5cd04418d6a179a1a3c130c64bbe66c249c2a94bf8bdc67b5dd06491cb49546b,4,17,427800,1333000,1760800,ok
2,ex2-s5-e1-d1w-p08,5cd04418d6a179a1a3c130c64bbe66c249c2a94bf8bdc67b5dd06491cb49546b,4,18,446100,1177100,1623200,ok
2,ex2-s5-e1-d1w-p08,5cd04418d6a179a1a3c130c64bbe66c249c2a94bf8bdc67b5dd06491cb49546b,4,19,423500,1335900,1759400,ok
2,ex2-s5-e1-d1w-p08,5cd04418d6a179a1a3c130c64bbe66c249c2a94bf8bdc67b5dd06491cb49546b,4,20,423800,1200100,1623900,ok
2,ex2-s5-e1-d1w-p08,5cd04418d6a179a1a3c130c64bbe66c249c2a94bf8bdc67b5dd06491cb49546b,4,21,1344300,757900,2102200,ok
2,ex2-s5-e1-d1w-p08,5cd04418d6a179a1a3c130c64bbe66c249c2a94bf8bdc67b5dd06491cb49546b,4,22,433600,1325700,1759300,ok
2,ex2-s5-e1-d1w-p08,5cd04418d6a179a1a3c130c64bbe66c249c2a94bf8bdc67b5dd06491cb49546b,4,23,443800,1201100,1644900,ok
2,ex2-s5-e1-d1w-p08,5cd04418d6a179a1a3c130c64bbe66c249c2a94bf8bdc67b5dd06491cb49546b,4,24,821200,1483600,2304800,ok
2,ex2-s5-e1-d1w-p08,5cd04418d6a179a1a3c130c64bbe66c249c2a94bf8bdc67b5dd06491cb49546b,4,25,3998400,82200,4080600,ok
2,ex2-s5-e1-d1w-p08,5cd04418d6a179a1a3c130c64bbe66c249c2a94bf8bdc67b5dd06491cb49546b,4,26,895500,879300,1774800,ok
2,ex2-s5-e1-d1w-p08,5cd04418d6a179a1a3c130c64bbe66c249c2a94bf8bdc67b5dd06491cb49546b,4,27,599600,1030700,1630300,ok
2,ex2-s5-e1-d1w-p08,5cd04418d6a179a1a3c130c64bbe66c249c2a94bf8bdc67b5dd06491cb49546b,4,28,523800,1106900,1630700,ok
2,ex2-s5-e1-d1w-p08,5cd04418d6a179a1a3c130c64bbe66c249c2a94bf8bdc67b5dd06491cb49546b,4,29,421600,1336300,1757900,ok
2,ex2-s5-e1-d1w-p08,5cd04418d6a179a1a3c130c64bbe66c249c2a94bf8bdc67b5dd06491cb49546b,4,30,478600,1147300,1625900,ok
2,ex2-s5-e1-d1w-p08,5cd04418d6a179a1a3c130c64bbe66c249c2a94bf8bdc67b5dd06491cb49546b,4,31,435200,1866400,2301600,ok
2,ex2-s5-e1-d1w-p08,5cd04418d6a179a1a3c130c64bbe66c249c2a94bf8bdc67b5dd06491cb49546b,4,32,416100,1214200,1630300,ok
2,ex2-s5-e1-d1w-p08,5cd04418d6a179a1a3c130c64bbe66c249c2a94bf8bdc67b5dd06491cb49546b,4,33,416100,1341500,1757600,ok
2,ex2-s5-e1-d1w-p08,5cd04418d6a179a1a3c130c64bbe66c249c2a94bf8bdc67b5dd06491cb49546b,4,34,627400,1132600,1760000,ok
2,ex2-s5-e1-d1w-p08,5cd04418d6a179a1a3c130c64bbe66c249c2a94bf8bdc67b5dd06491cb49546b,4,35,418200,1205900,1624100,ok
2,ex2-s5-e1-d1w-p08,5cd04418d6a179a1a3c130c64bbe66c249c2a94bf8bdc67b5dd06491cb49546b,4,36,427300,1198100,1625400,ok
2,ex2-s5-e1-d1w-p08,5cd04418d6a179a1a3c130c64bbe66c249c2a94bf8bdc67b5dd06491cb49546b,4,37,1774500,107200,1881700,ok
2,ex2-s5-e1-d1w-p08,5cd04418d6a179a1a3c130c64bbe66c249c2a94bf8bdc67b5dd06491cb49546b,4,38,452900,1493200,1946100,ok
2,ex2-s5-e1-d1w-p08,5cd04418d6a179a1a3c130c64bbe66c249c2a94bf8bdc67b5dd06491cb49546b,4,39,434700,1330000,1764700,ok
2,ex2-s5-e1-d1w-p08,5cd04418d6a179a1a3c130c64bbe66c249c2a94bf8bdc67b5dd06491cb49546b,4,40,1981400,61500,2042900,ok
2,ex2-s5-e1-d1w-p08,5cd04418d6a179a1a3c130c64bbe66c249c2a94bf8bdc67b5dd06491cb49546b,4,41,1057900,814100,1872000,ok
2,ex2-s5-e1-d1w-p08,5cd04418d6a179a1a3c130c64bbe66c249c2a94bf8bdc67b5dd06491cb49546b,4,42,645300,1119100,1764400,ok
2,ex2-s5-e1-d1w-p08,5cd04418d6a179a1a3c130c64bbe66c249c2a94bf8bdc67b5dd06491cb49546b,4,43,1783100,98600,1881700,ok
2,ex2-s5-e1-d1w-p08,5cd04418d6a179a1a3c130c64bbe66c249c2a94bf8bdc67b5dd06491cb49546b,4,44,462200,1296500,1758700,ok
2,ex2-s5-e1-d1w-p08,5cd04418d6a179a1a3c130c64bbe66c249c2a94bf8bdc67b5dd06491cb49546b,4,45,462400,1315300,1777700,ok
2,ex2-s5-e1-d1w-p08,5cd04418d6a179a1a3c130c64bbe66c249c2a94bf8bdc67b5dd06491cb49546b,4,46,479100,1810800,2289900,ok
2,ex2-s5-e1-d1w-p08,5cd04418d6a179a1a3c130c64bbe66c249c2a94bf8bdc67b5dd06491cb49546b,4,47,457900,1167600,1625500,ok
