sequence_index,core_cell_index,session_id,backend,relative_path,ledger_size_bytes,actual_size_bytes,ledger_sha256,actual_sha256,match
0,0,i7-stage4-c00,cuda,results/local/i7-stage4-c00/i7-stage4-c00-cuda/environment.json,2437,2437,195116f2588e0401de26acebcb53971f02f6e9fa7fb6354e7838563eb0702ac1,195116f2588e0401de26acebcb53971f02f6e9fa7fb6354e7838563eb0702ac1,true
0,0,i7-stage4-c00,cuda,results/local/i7-stage4-c00/i7-stage4-c00-cuda/initialization.csv,235,235,0892652161c45c468fe26060c802128518aa2e9ebe0c7449e6433f03551b944b,0892652161c45c468fe26060c802128518aa2e9ebe0c7449e6433f03551b944b,true
0,0,i7-stage4-c00,cuda,results/local/i7-stage4-c00/i7-stage4-c00-cuda/samples.csv,662,662,eb9b5e91df34b1b5fa8fd48baa1684f635e060fd7d0c559d63168ffeeba02ae9,eb9b5e91df34b1b5fa8fd48baa1684f635e060fd7d0c559d63168ffeeba02ae9,true
0,0,i7-stage4-c00,cuda,results/local/i7-stage4-c00/i7-stage4-c00-cuda/summary.json,1568,1568,1faa20385bf003609037da7d72c8b596d6d0fba696c606a368f1ebfd1c848f3f,1faa20385bf003609037da7d72c8b596d6d0fba696c606a368f1ebfd1c848f3f,true
0,0,i7-stage4-c00,vulkan,results/local/i7-stage4-c00/i7-stage4-c00-vulkan/environment.json,2507,2507,c94f02516d4a7da935d822546e9bc6e81bdae856f9a91bc9512ef996256f0fd4,c94f02516d4a7da935d822546e9bc6e81bdae856f9a91bc9512ef996256f0fd4,true
0,0,i7-stage4-c00,vulkan,results/local/i7-stage4-c00/i7-stage4-c00-vulkan/initialization.csv,239,239,b8dd68280cdfcee39483ce000837120205d7436c13a7e10ab24daf328776823d,b8dd68280cdfcee39483ce000837120205d7436c13a7e10ab24daf328776823d,true
0,0,i7-stage4-c00,vulkan,results/local/i7-stage4-c00/i7-stage4-c00-vulkan/samples.csv,666,666,83712b2de9d7b1a33d2ee5212c3b2825c9e19946d97c0ce6a5c0ebf14e532483,83712b2de9d7b1a33d2ee5212c3b2825c9e19946d97c0ce6a5c0ebf14e532483,true
0,0,i7-stage4-c00,vulkan,results/local/i7-stage4-c00/i7-stage4-c00-vulkan/summary.json,1574,1574,f54edb866f59cb508109ddb089b628136d40e24663695397fdba0ea8d6281747,f54edb866f59cb508109ddb089b628136d40e24663695397fdba0ea8d6281747,true
1,1,i7-stage4-c01,cuda,results/local/i7-stage4-c01/i7-stage4-c01-cuda/environment.json,2440,2440,9e54d7d6d21ee19a005c9ec73acb8c82a18292758b59b6406142b96b2bb19954,9e54d7d6d21ee19a005c9ec73acb8c82a18292758b59b6406142b96b2bb19954,true
1,1,i7-stage4-c01,cuda,results/local/i7-stage4-c01/i7-stage4-c01-cuda/initialization.csv,238,238,9b1612923f69a4d6a4d1e53702903af6f9d1b48ab476ae57e819031b53111a26,9b1612923f69a4d6a4d1e53702903af6f9d1b48ab476ae57e819031b53111a26,true
1,1,i7-stage4-c01,cuda,results/local/i7-stage4-c01/i7-stage4-c01-cuda/samples.csv,665,665,510a0fa1252d35fb416dc8402d268b54ee281861befc582a80af1f42b56636bf,510a0fa1252d35fb416dc8402d268b54ee281861befc582a80af1f42b56636bf,true
1,1,i7-stage4-c01,cuda,results/local/i7-stage4-c01/i7-stage4-c01-cuda/summary.json,1571,1571,c01427d61f7458db7551fa9cbf5c5518ede7023914e11fe10addf193de7ac457,c01427d61f7458db7551fa9cbf5c5518ede7023914e11fe10addf193de7ac457,true
1,1,i7-stage4-c01,vulkan,results/local/i7-stage4-c01/i7-stage4-c01-vulkan/environment.json,2510,2510,391d45057e4072140441f69fca9c141d04dc27e07f2123ac20cb332112d6ac84,391d45057e4072140441f69fca9c141d04dc27e07f2123ac20cb332112d6ac84,true
1,1,i7-stage4-c01,vulkan,results/local/i7-stage4-c01/i7-stage4-c01-vulkan/initialization.csv,242,242,fec45c91d22fc1b61cffe2dacb8c6ac60838ed2b159d75d56714b0464c462d5e,fec45c91d22fc1b61cffe2dacb8c6ac60838ed2b159d75d56714b0464c462d5e,true
1,1,i7-stage4-c01,vulkan,results/local/i7-stage4-c01/i7-stage4-c01-vulkan/samples.csv,669,669,84f835ffa949774513da9b678bc38e58877702c6e9b26d233a48e84cc744f5d3,84f835ffa949774513da9b678bc38e58877702c6e9b26d233a48e84cc744f5d3,true
1,1,i7-stage4-c01,vulkan,results/local/i7-stage4-c01/i7-stage4-c01-vulkan/summary.json,1577,1577,321d54e7670c4dbb5ec94fca727e6cc7ac3a3a5b3f068bffc120326d0ea1f191,321d54e7670c4dbb5ec94fca727e6cc7ac3a3a5b3f068bffc120326d0ea1f191,true
2,2,i7-stage4-c02,cuda,results/local/i7-stage4-c02/i7-stage4-c02-cuda/environment.json,2442,2442,06dcaf3084b5f1028afde0ec5c2374907f1a8694757839587b1860c462b79a10,06dcaf3084b5f1028afde0ec5c2374907f1a8694757839587b1860c462b79a10,true
2,2,i7-stage4-c02,cuda,results/local/i7-stage4-c02/i7-stage4-c02-cuda/initialization.csv,240,240,e35e32f31727ef4e8d96abe5d22da63a46d6d02e2ddeb2746f2b91eca19bd707,e35e32f31727ef4e8d96abe5d22da63a46d6d02e2ddeb2746f2b91eca19bd707,true
2,2,i7-stage4-c02,cuda,results/local/i7-stage4-c02/i7-stage4-c02-cuda/samples.csv,667,667,e0de557678f3fd60ba0ea985e90d24e91513c4d7bafd11ddcab4349174870cb0,e0de557678f3fd60ba0ea985e90d24e91513c4d7bafd11ddcab4349174870cb0,true
2,2,i7-stage4-c02,cuda,results/local/i7-stage4-c02/i7-stage4-c02-cuda/summary.json,1573,1573,c7a9c863e93089a519c3b3a1a815e2b795308cf1a93be8e1592fcfee3a4906f5,c7a9c863e93089a519c3b3a1a815e2b795308cf1a93be8e1592fcfee3a4906f5,true
2,2,i7-stage4-c02,vulkan,results/local/i7-stage4-c02/i7-stage4-c02-vulkan/environment.json,2512,2512,57325fa79900ff5f91bccf280e01717962efc773284bfd4b17b702b8e68866f6,57325fa79900ff5f91bccf280e01717962efc773284bfd4b17b702b8e68866f6,true
2,2,i7-stage4-c02,vulkan,results/local/i7-stage4-c02/i7-stage4-c02-vulkan/initialization.csv,244,244,8c26ced77011813a2e44430441e4fe0e1a0c583c777c2075459cc19ef75ac309,8c26ced77011813a2e44430441e4fe0e1a0c583c777c2075459cc19ef75ac309,true
2,2,i7-stage4-c02,vulkan,results/local/i7-stage4-c02/i7-stage4-c02-vulkan/samples.csv,671,671,dbef5da0410a3a3ad1937e261c654fdd5ebbea2ba8fe57a08d9a3e7f3801add3,dbef5da0410a3a3ad1937e261c654fdd5ebbea2ba8fe57a08d9a3e7f3801add3,true
2,2,i7-stage4-c02,vulkan,results/local/i7-stage4-c02/i7-stage4-c02-vulkan/summary.json,1579,1579,a1be5f37f5a1f30f6025448030b77e7ee57670e480358639f3c79ef6898773db,a1be5f37f5a1f30f6025448030b77e7ee57670e480358639f3c79ef6898773db,true
3,3,i7-stage4-c03,cuda,results/local/i7-stage4-c03/i7-stage4-c03-cuda/environment.json,2440,2440,a40d30dbcf18ba204d6361299ba8d01d915fb61e22743809cff0ddba778d7f6e,a40d30dbcf18ba204d6361299ba8d01d915fb61e22743809cff0ddba778d7f6e,true
3,3,i7-stage4-c03,cuda,results/local/i7-stage4-c03/i7-stage4-c03-cuda/initialization.csv,238,238,c0d1cd0efdfe95c01ddfdb4deddede04869bd48f5b24f7975b317c707f3c12b5,c0d1cd0efdfe95c01ddfdb4deddede04869bd48f5b24f7975b317c707f3c12b5,true
3,3,i7-stage4-c03,cuda,results/local/i7-stage4-c03/i7-stage4-c03-cuda/samples.csv,665,665,2fffcfb331dbca9086e2f6a1e207aca4882b4699ee9f30040c7d73c370868a4e,2fffcfb331dbca9086e2f6a1e207aca4882b4699ee9f30040c7d73c370868a4e,true
3,3,i7-stage4-c03,cuda,results/local/i7-stage4-c03/i7-stage4-c03-cuda/summary.json,1571,1571,4263e902912a62bef7fb3f31a1a53bed70780f81597aba62e0a7817843316e63,4263e902912a62bef7fb3f31a1a53bed70780f81597aba62e0a7817843316e63,true
3,3,i7-stage4-c03,vulkan,results/local/i7-stage4-c03/i7-stage4-c03-vulkan/environment.json,2510,2510,6481538c10ea85afda97545a95f150e34d7d95fdc440cdc50e54d58ce4c860f8,6481538c10ea85afda97545a95f150e34d7d95fdc440cdc50e54d58ce4c860f8,true
3,3,i7-stage4-c03,vulkan,results/local/i7-stage4-c03/i7-stage4-c03-vulkan/initialization.csv,242,242,9ca1ae7908c5b590a0ed9949fbef8eebc16af3a13b18cb1b159ca4340e506f34,9ca1ae7908c5b590a0ed9949fbef8eebc16af3a13b18cb1b159ca4340e506f34,true
3,3,i7-stage4-c03,vulkan,results/local/i7-stage4-c03/i7-stage4-c03-vulkan/samples.csv,669,669,9c7f0a9f6b5c60063a9bf24d3c59f9c5d33ed4c2524858af457a427ab1c999c8,9c7f0a9f6b5c60063a9bf24d3c59f9c5d33ed4c2524858af457a427ab1c999c8,true
3,3,i7-stage4-c03,vulkan,results/local/i7-stage4-c03/i7-stage4-c03-vulkan/summary.json,1577,1577,7756567b5f01480500b767ea196842579494ededfdf481d47d174e2e362970f8,7756567b5f01480500b767ea196842579494ededfdf481d47d174e2e362970f8,true
4,4,i7-stage4-c04,cuda,results/local/i7-stage4-c04/i7-stage4-c04-cuda/environment.json,2442,2442,efe439e0dd902325d63cc8c69b8e5c63884698a593d5cb66ff4b944d0ea75586,efe439e0dd902325d63cc8c69b8e5c63884698a593d5cb66ff4b944d0ea75586,true
4,4,i7-stage4-c04,cuda,results/local/i7-stage4-c04/i7-stage4-c04-cuda/initialization.csv,240,240,97db4a0d9ac18891da66bf0fb7811a8682052a571e28ee3c9f8be4a906bb7038,97db4a0d9ac18891da66bf0fb7811a8682052a571e28ee3c9f8be4a906bb7038,true
4,4,i7-stage4-c04,cuda,results/local/i7-stage4-c04/i7-stage4-c04-cuda/samples.csv,667,667,596002e6a613909389285c2caef49af5328349123c683410b2523f2f916be1bf,596002e6a613909389285c2caef49af5328349123c683410b2523f2f916be1bf,true
4,4,i7-stage4-c04,cuda,results/local/i7-stage4-c04/i7-stage4-c04-cuda/summary.json,1573,1573,7bcd566dc20158b9986be90c78ddf03c7926fa518d015d5ea45252bddb3e7f4f,7bcd566dc20158b9986be90c78ddf03c7926fa518d015d5ea45252bddb3e7f4f,true
4,4,i7-stage4-c04,vulkan,results/local/i7-stage4-c04/i7-stage4-c04-vulkan/environment.json,2512,2512,3db2a5554856a03a6c7775e1107fcf2a5ac241e67d5cc87a3263cdc6e327b6c6,3db2a5554856a03a6c7775e1107fcf2a5ac241e67d5cc87a3263cdc6e327b6c6,true
4,4,i7-stage4-c04,vulkan,results/local/i7-stage4-c04/i7-stage4-c04-vulkan/initialization.csv,244,244,70668aaa92e5c0cedacb1b40d5daac6effeb4f218b4cfef301a1d7b30499b96c,70668aaa92e5c0cedacb1b40d5daac6effeb4f218b4cfef301a1d7b30499b96c,true
4,4,i7-stage4-c04,vulkan,results/local/i7-stage4-c04/i7-stage4-c04-vulkan/samples.csv,671,671,c02a6590c1795d06b5c898b1e3b37b9b19098bb53a8df5ce47618607b02f5efb,c02a6590c1795d06b5c898b1e3b37b9b19098bb53a8df5ce47618607b02f5efb,true
4,4,i7-stage4-c04,vulkan,results/local/i7-stage4-c04/i7-stage4-c04-vulkan/summary.json,1579,1579,effa3ed108700f23d56aa14689f7f57df24bda7d985b42c572c89903ec4d8621,effa3ed108700f23d56aa14689f7f57df24bda7d985b42c572c89903ec4d8621,true
5,5,i7-stage4-c05,cuda,results/local/i7-stage4-c05/i7-stage4-c05-cuda/environment.json,2451,2451,4b0bff07228faa0337eaebbf14c659a11417c4fab95349b8cb8e55a4058910df,4b0bff07228faa0337eaebbf14c659a11417c4fab95349b8cb8e55a4058910df,true
5,5,i7-stage4-c05,cuda,results/local/i7-stage4-c05/i7-stage4-c05-cuda/initialization.csv,238,238,9f61fb64ccc18088b6658650cf5fc502aa70d928d7176ae6d98db986a41e5c8a,9f61fb64ccc18088b6658650cf5fc502aa70d928d7176ae6d98db986a41e5c8a,true
5,5,i7-stage4-c05,cuda,results/local/i7-stage4-c05/i7-stage4-c05-cuda/samples.csv,678,678,5ffecc9fc0fd372e3b9c0c4f8cd8e3961d5761cbf8442c91bc1d9dd561c108fb,5ffecc9fc0fd372e3b9c0c4f8cd8e3961d5761cbf8442c91bc1d9dd561c108fb,true
5,5,i7-stage4-c05,cuda,results/local/i7-stage4-c05/i7-stage4-c05-cuda/summary.json,1582,1582,2e9573b6244d8ef05cdec3f6dcc1d56e8545df7fb622121c145017157614ed84,2e9573b6244d8ef05cdec3f6dcc1d56e8545df7fb622121c145017157614ed84,true
5,5,i7-stage4-c05,vulkan,results/local/i7-stage4-c05/i7-stage4-c05-vulkan/environment.json,2521,2521,f811215a24239405341244520c071d72cd5a85d814fe310cf4fb99f9580eda89,f811215a24239405341244520c071d72cd5a85d814fe310cf4fb99f9580eda89,true
5,5,i7-stage4-c05,vulkan,results/local/i7-stage4-c05/i7-stage4-c05-vulkan/initialization.csv,242,242,040f36b5a484c4d8d8a1852f23d087688cff409b5faa3b1b8314c7cd43d5d3e7,040f36b5a484c4d8d8a1852f23d087688cff409b5faa3b1b8314c7cd43d5d3e7,true
5,5,i7-stage4-c05,vulkan,results/local/i7-stage4-c05/i7-stage4-c05-vulkan/samples.csv,682,682,d85e62eccb824b210bb9b87b7a3f3a29d45c641cc64e6e762995fe0033acc3c9,d85e62eccb824b210bb9b87b7a3f3a29d45c641cc64e6e762995fe0033acc3c9,true
5,5,i7-stage4-c05,vulkan,results/local/i7-stage4-c05/i7-stage4-c05-vulkan/summary.json,1588,1588,2b5b3b00338b4747273053e711d9723836e1f07d4518f76b31cb92bb26520f48,2b5b3b00338b4747273053e711d9723836e1f07d4518f76b31cb92bb26520f48,true
6,6,i7-stage4-c06,cuda,results/local/i7-stage4-c06/i7-stage4-c06-cuda/environment.json,2449,2449,febed7e5c454440684499d2c0a133fe9acdd6548f59bcfca9ba212aef2713680,febed7e5c454440684499d2c0a133fe9acdd6548f59bcfca9ba212aef2713680,true
6,6,i7-stage4-c06,cuda,results/local/i7-stage4-c06/i7-stage4-c06-cuda/initialization.csv,238,238,6206bfdcff905000fb42057e33a18e665af686f7313a1e437ef3e8310c1aa533,6206bfdcff905000fb42057e33a18e665af686f7313a1e437ef3e8310c1aa533,true
6,6,i7-stage4-c06,cuda,results/local/i7-stage4-c06/i7-stage4-c06-cuda/samples.csv,676,676,098e7a4b96184f0c77b07c9d90b1a93bf4655e2a3baa07cae5528a85d2e9b7a6,098e7a4b96184f0c77b07c9d90b1a93bf4655e2a3baa07cae5528a85d2e9b7a6,true
6,6,i7-stage4-c06,cuda,results/local/i7-stage4-c06/i7-stage4-c06-cuda/summary.json,1580,1580,8f03240caab8097f44bcff67e13f168c8f44289d3fa54643c7089a233e7495bb,8f03240caab8097f44bcff67e13f168c8f44289d3fa54643c7089a233e7495bb,true
6,6,i7-stage4-c06,vulkan,results/local/i7-stage4-c06/i7-stage4-c06-vulkan/environment.json,2519,2519,9dab548eaec3feb739b49ccb4db737e42693d6393984a03dcf101c7ec850541f,9dab548eaec3feb739b49ccb4db737e42693d6393984a03dcf101c7ec850541f,true
6,6,i7-stage4-c06,vulkan,results/local/i7-stage4-c06/i7-stage4-c06-vulkan/initialization.csv,242,242,2e2ded5ce509d87c1f97915f9215f0131d12ce7ef92de53f1ef79b9aaf751c50,2e2ded5ce509d87c1f97915f9215f0131d12ce7ef92de53f1ef79b9aaf751c50,true
6,6,i7-stage4-c06,vulkan,results/local/i7-stage4-c06/i7-stage4-c06-vulkan/samples.csv,680,680,8e8975811a42d3ae20d6182613a6bf1ec0b2d64719ad3d6a2710c2fb0117fadd,8e8975811a42d3ae20d6182613a6bf1ec0b2d64719ad3d6a2710c2fb0117fadd,true
6,6,i7-stage4-c06,vulkan,results/local/i7-stage4-c06/i7-stage4-c06-vulkan/summary.json,1586,1586,a9730c6e4b2cb990d118a50541d720aecb2548686922b419035cffc5f3367262,a9730c6e4b2cb990d118a50541d720aecb2548686922b419035cffc5f3367262,true
7,7,i7-stage4-c07,cuda,results/local/i7-stage4-c07/i7-stage4-c07-cuda/environment.json,2451,2451,143a7ea520c2e3a89d6e5554bec081f52099c7e115598fef0ae0f69c76631e68,143a7ea520c2e3a89d6e5554bec081f52099c7e115598fef0ae0f69c76631e68,true
7,7,i7-stage4-c07,cuda,results/local/i7-stage4-c07/i7-stage4-c07-cuda/initialization.csv,240,240,29410b97d972c3cc1a4f39b53f4da20ce7370048dedf8481cd6db9d5c360225e,29410b97d972c3cc1a4f39b53f4da20ce7370048dedf8481cd6db9d5c360225e,true
7,7,i7-stage4-c07,cuda,results/local/i7-stage4-c07/i7-stage4-c07-cuda/samples.csv,678,678,4938fa74c85493c32029f9c45732072a30f2cb39f4e7415b8b92aecc1fb7858f,4938fa74c85493c32029f9c45732072a30f2cb39f4e7415b8b92aecc1fb7858f,true
7,7,i7-stage4-c07,cuda,results/local/i7-stage4-c07/i7-stage4-c07-cuda/summary.json,1582,1582,cee633bba2fb2bb3519e023ade58fcc5284576d338a4bac5f584f2b1dbb6b238,cee633bba2fb2bb3519e023ade58fcc5284576d338a4bac5f584f2b1dbb6b238,true
7,7,i7-stage4-c07,vulkan,results/local/i7-stage4-c07/i7-stage4-c07-vulkan/environment.json,2521,2521,eee731ae5c8c1560b453ebcf55c1a5df6e0496c04ae55ddd06fb15bf3690e3c9,eee731ae5c8c1560b453ebcf55c1a5df6e0496c04ae55ddd06fb15bf3690e3c9,true
7,7,i7-stage4-c07,vulkan,results/local/i7-stage4-c07/i7-stage4-c07-vulkan/initialization.csv,244,244,6a6b4bae00406dcf1ca0352db77c60ff6ee8950ca91b3e307f9071ec60801c60,6a6b4bae00406dcf1ca0352db77c60ff6ee8950ca91b3e307f9071ec60801c60,true
7,7,i7-stage4-c07,vulkan,results/local/i7-stage4-c07/i7-stage4-c07-vulkan/samples.csv,682,682,6cbd65e40c71ac6d3e447c1b0bdc939cf1b5cea65cd36f21e204945033cccb6f,6cbd65e40c71ac6d3e447c1b0bdc939cf1b5cea65cd36f21e204945033cccb6f,true
7,7,i7-stage4-c07,vulkan,results/local/i7-stage4-c07/i7-stage4-c07-vulkan/summary.json,1588,1588,424363a2b62b709da718b45d963a981f56c25c2ae6f0a33f6ea757a01b47d772,424363a2b62b709da718b45d963a981f56c25c2ae6f0a33f6ea757a01b47d772,true
8,8,i7-stage4-c08,cuda,results/local/i7-stage4-c08/i7-stage4-c08-cuda/environment.json,2451,2451,1ffb88d12760839f2919521d4f77e9714619bdf707f2c3bed34e88af21a4d51f,1ffb88d12760839f2919521d4f77e9714619bdf707f2c3bed34e88af21a4d51f,true
8,8,i7-stage4-c08,cuda,results/local/i7-stage4-c08/i7-stage4-c08-cuda/initialization.csv,238,238,2fc1584b9325d489909439ae27abd16e3e4b14235765234d3460eae4a2a27fbe,2fc1584b9325d489909439ae27abd16e3e4b14235765234d3460eae4a2a27fbe,true
8,8,i7-stage4-c08,cuda,results/local/i7-stage4-c08/i7-stage4-c08-cuda/samples.csv,678,678,a2c0154b79ae127f2339837ac0140be7396a404e2f34f3b073a754c19f04c930,a2c0154b79ae127f2339837ac0140be7396a404e2f34f3b073a754c19f04c930,true
8,8,i7-stage4-c08,cuda,results/local/i7-stage4-c08/i7-stage4-c08-cuda/summary.json,1582,1582,b0966822024c4371c2f16dd13bdef98fd939cc669f8128f72c2705088dbbf08f,b0966822024c4371c2f16dd13bdef98fd939cc669f8128f72c2705088dbbf08f,true
8,8,i7-stage4-c08,vulkan,results/local/i7-stage4-c08/i7-stage4-c08-vulkan/environment.json,2521,2521,222ba64c5d9597407cac607795291519c52b92f5982cecf59493a0562cb134f3,222ba64c5d9597407cac607795291519c52b92f5982cecf59493a0562cb134f3,true
8,8,i7-stage4-c08,vulkan,results/local/i7-stage4-c08/i7-stage4-c08-vulkan/initialization.csv,242,242,eba6b8a7c6a97620d2b1df533cfa4c5db67fc66e22cff718843793096ada4817,eba6b8a7c6a97620d2b1df533cfa4c5db67fc66e22cff718843793096ada4817,true
8,8,i7-stage4-c08,vulkan,results/local/i7-stage4-c08/i7-stage4-c08-vulkan/samples.csv,682,682,16857e63f96521aaac3438064986f248bdae2a1d24dc6cede8d4ae49ebed3dac,16857e63f96521aaac3438064986f248bdae2a1d24dc6cede8d4ae49ebed3dac,true
8,8,i7-stage4-c08,vulkan,results/local/i7-stage4-c08/i7-stage4-c08-vulkan/summary.json,1588,1588,6287fb2ba439686a483bfa092f55f7926f88de98f45c3d3b148899f86fda23e8,6287fb2ba439686a483bfa092f55f7926f88de98f45c3d3b148899f86fda23e8,true
9,9,i7-stage4-c09,cuda,results/local/i7-stage4-c09/i7-stage4-c09-cuda/environment.json,2449,2449,8f0745afc836e5c4908aaae596e376b5de6803788cd519f19229dd0b59df8425,8f0745afc836e5c4908aaae596e376b5de6803788cd519f19229dd0b59df8425,true
9,9,i7-stage4-c09,cuda,results/local/i7-stage4-c09/i7-stage4-c09-cuda/initialization.csv,238,238,f27bddab860b30db5203909fed209d5b6035d653dc158fc8d8b01a9ce0f8280e,f27bddab860b30db5203909fed209d5b6035d653dc158fc8d8b01a9ce0f8280e,true
9,9,i7-stage4-c09,cuda,results/local/i7-stage4-c09/i7-stage4-c09-cuda/samples.csv,676,676,388cc5fce5c1b01a99f03d0c61e3a0512a172c321154a2c36ac77225a0c6b207,388cc5fce5c1b01a99f03d0c61e3a0512a172c321154a2c36ac77225a0c6b207,true
9,9,i7-stage4-c09,cuda,results/local/i7-stage4-c09/i7-stage4-c09-cuda/summary.json,1580,1580,a4ebb9201f22d76015d210c5b07dc7346fa60ae23390c7794c690740e683d285,a4ebb9201f22d76015d210c5b07dc7346fa60ae23390c7794c690740e683d285,true
9,9,i7-stage4-c09,vulkan,results/local/i7-stage4-c09/i7-stage4-c09-vulkan/environment.json,2519,2519,47e452ba720a8814b11e183cb02fd62ca93e1887da3ade817c12f77aa32685e5,47e452ba720a8814b11e183cb02fd62ca93e1887da3ade817c12f77aa32685e5,true
9,9,i7-stage4-c09,vulkan,results/local/i7-stage4-c09/i7-stage4-c09-vulkan/initialization.csv,242,242,eda10a2e0ca3143b725d28c920ce78f7053ff1daa397372de7b637a0133d3314,eda10a2e0ca3143b725d28c920ce78f7053ff1daa397372de7b637a0133d3314,true
9,9,i7-stage4-c09,vulkan,results/local/i7-stage4-c09/i7-stage4-c09-vulkan/samples.csv,680,680,40d520b26e996d1079492a72181c4a9ebc66313f63143af9603f2c5c79bd3ac8,40d520b26e996d1079492a72181c4a9ebc66313f63143af9603f2c5c79bd3ac8,true
9,9,i7-stage4-c09,vulkan,results/local/i7-stage4-c09/i7-stage4-c09-vulkan/summary.json,1586,1586,a58b4728a7f293a8142bb74ac164eaeba139abb40ff263c34a73269ff53c64b1,a58b4728a7f293a8142bb74ac164eaeba139abb40ff263c34a73269ff53c64b1,true
10,10,i7-stage4-c10,cuda,results/local/i7-stage4-c10/i7-stage4-c10-cuda/environment.json,2451,2451,645ed64a2c0b3c4481e9cc9ca5985edc578e60b4b54f8f2f9481ed5820a48263,645ed64a2c0b3c4481e9cc9ca5985edc578e60b4b54f8f2f9481ed5820a48263,true
10,10,i7-stage4-c10,cuda,results/local/i7-stage4-c10/i7-stage4-c10-cuda/initialization.csv,240,240,8b3baee0d318242c08dedd00c00c84ef1aab0ac330f79f67be619a4ae4a9044c,8b3baee0d318242c08dedd00c00c84ef1aab0ac330f79f67be619a4ae4a9044c,true
10,10,i7-stage4-c10,cuda,results/local/i7-stage4-c10/i7-stage4-c10-cuda/samples.csv,678,678,dcc3fc1efd14e61b34d1efcb3b53a1509b1027f9559c023c746f71c764e3ca0d,dcc3fc1efd14e61b34d1efcb3b53a1509b1027f9559c023c746f71c764e3ca0d,true
10,10,i7-stage4-c10,cuda,results/local/i7-stage4-c10/i7-stage4-c10-cuda/summary.json,1582,1582,63bb5473c79faacfa17d0a65faf8a3bf606f818898f7c7f029157c237203d164,63bb5473c79faacfa17d0a65faf8a3bf606f818898f7c7f029157c237203d164,true
10,10,i7-stage4-c10,vulkan,results/local/i7-stage4-c10/i7-stage4-c10-vulkan/environment.json,2521,2521,b16f723b1dcfe7bf169ac769fccde903b16acea78b561d5248036742534e3038,b16f723b1dcfe7bf169ac769fccde903b16acea78b561d5248036742534e3038,true
10,10,i7-stage4-c10,vulkan,results/local/i7-stage4-c10/i7-stage4-c10-vulkan/initialization.csv,244,244,9cba07a22b50cd7075826e5b1c05cadfc36683c5892a0c3293f0234da3a1f2b0,9cba07a22b50cd7075826e5b1c05cadfc36683c5892a0c3293f0234da3a1f2b0,true
10,10,i7-stage4-c10,vulkan,results/local/i7-stage4-c10/i7-stage4-c10-vulkan/samples.csv,682,682,fa5357e35872ff89090cc07eaaaf2f78000f83fa7112d1e535b56325f6947e7c,fa5357e35872ff89090cc07eaaaf2f78000f83fa7112d1e535b56325f6947e7c,true
10,10,i7-stage4-c10,vulkan,results/local/i7-stage4-c10/i7-stage4-c10-vulkan/summary.json,1588,1588,b27d2a1be0f1393ebd7d7cba3843e9b949729d7b9e49973ff5b3c564f0c7cb6d,b27d2a1be0f1393ebd7d7cba3843e9b949729d7b9e49973ff5b3c564f0c7cb6d,true
11,11,i7-stage4-c11,cuda,results/local/i7-stage4-c11/i7-stage4-c11-cuda/environment.json,2442,2442,dd866dca1963e13c2168c01712fc44dbc1fc7ca115bdf5df83c0abedaa1168e0,dd866dca1963e13c2168c01712fc44dbc1fc7ca115bdf5df83c0abedaa1168e0,true
11,11,i7-stage4-c11,cuda,results/local/i7-stage4-c11/i7-stage4-c11-cuda/initialization.csv,238,238,1fbf83995414e1c30b1488058794731b660008034e37402913641cc6fc446346,1fbf83995414e1c30b1488058794731b660008034e37402913641cc6fc446346,true
11,11,i7-stage4-c11,cuda,results/local/i7-stage4-c11/i7-stage4-c11-cuda/samples.csv,672,672,aa02fcab0454d1619dcb132bc1b5f23bea8153fe5563ea1aec73df9b2e64e536,aa02fcab0454d1619dcb132bc1b5f23bea8153fe5563ea1aec73df9b2e64e536,true
11,11,i7-stage4-c11,cuda,results/local/i7-stage4-c11/i7-stage4-c11-cuda/summary.json,1574,1574,1498361c1d780e1530a61c82c9e8efae2af202ba7a082ceaf347713a35fd106b,1498361c1d780e1530a61c82c9e8efae2af202ba7a082ceaf347713a35fd106b,true
11,11,i7-stage4-c11,vulkan,results/local/i7-stage4-c11/i7-stage4-c11-vulkan/environment.json,2512,2512,6626d7b1dceebf5a76de54fb4f8598f444a9aff37945e1f9e6bad829af8dd96d,6626d7b1dceebf5a76de54fb4f8598f444a9aff37945e1f9e6bad829af8dd96d,true
11,11,i7-stage4-c11,vulkan,results/local/i7-stage4-c11/i7-stage4-c11-vulkan/initialization.csv,242,242,f9a55a5d7a609e9957fed8516ebcc7afeb8f5706db3204563f4dc1458bf9fe54,f9a55a5d7a609e9957fed8516ebcc7afeb8f5706db3204563f4dc1458bf9fe54,true
11,11,i7-stage4-c11,vulkan,results/local/i7-stage4-c11/i7-stage4-c11-vulkan/samples.csv,676,676,2c5aa196e6ce9d966ef402f8f3753f1890cf9124f99d083133733d352da9bbfc,2c5aa196e6ce9d966ef402f8f3753f1890cf9124f99d083133733d352da9bbfc,true
11,11,i7-stage4-c11,vulkan,results/local/i7-stage4-c11/i7-stage4-c11-vulkan/summary.json,1580,1580,40a8120f786808c3f49e52d06b2587fd0a457aca6435935b5251f3e167d08b22,40a8120f786808c3f49e52d06b2587fd0a457aca6435935b5251f3e167d08b22,true
12,12,i7-stage4-c12,cuda,results/local/i7-stage4-c12/i7-stage4-c12-cuda/environment.json,2440,2440,4bc33eb96fc036b110ca7597a5b0cddaba9e60c79508f5ae54959f6f118716d2,4bc33eb96fc036b110ca7597a5b0cddaba9e60c79508f5ae54959f6f118716d2,true
12,12,i7-stage4-c12,cuda,results/local/i7-stage4-c12/i7-stage4-c12-cuda/initialization.csv,238,238,70f8b620e56dfc93c7e061acd16468136640b44a695098351478e7317953adae,70f8b620e56dfc93c7e061acd16468136640b44a695098351478e7317953adae,true
12,12,i7-stage4-c12,cuda,results/local/i7-stage4-c12/i7-stage4-c12-cuda/samples.csv,670,670,9a64b149835c06a3bbd660ce039082634f94feb560b53dde7937b33a3c6231f1,9a64b149835c06a3bbd660ce039082634f94feb560b53dde7937b33a3c6231f1,true
12,12,i7-stage4-c12,cuda,results/local/i7-stage4-c12/i7-stage4-c12-cuda/summary.json,1572,1572,d9275dc21c50a6c786f130db13c5502422c0c094ec6aeadbb6a57137f869a3a9,d9275dc21c50a6c786f130db13c5502422c0c094ec6aeadbb6a57137f869a3a9,true
12,12,i7-stage4-c12,vulkan,results/local/i7-stage4-c12/i7-stage4-c12-vulkan/environment.json,2510,2510,164971fbe8bb64b6b294dfdbfd2f3de15dbe27de51c799974504bd71b83489bb,164971fbe8bb64b6b294dfdbfd2f3de15dbe27de51c799974504bd71b83489bb,true
12,12,i7-stage4-c12,vulkan,results/local/i7-stage4-c12/i7-stage4-c12-vulkan/initialization.csv,242,242,039bd8ccf4a59423ce67523d56d55122cb212f3c5216f53e5a409e04b18374bd,039bd8ccf4a59423ce67523d56d55122cb212f3c5216f53e5a409e04b18374bd,true
12,12,i7-stage4-c12,vulkan,results/local/i7-stage4-c12/i7-stage4-c12-vulkan/samples.csv,674,674,90ffd6ca28c0fb577aec529a00d08f525031f3d72004fe7515a94c86ec8e2922,90ffd6ca28c0fb577aec529a00d08f525031f3d72004fe7515a94c86ec8e2922,true
12,12,i7-stage4-c12,vulkan,results/local/i7-stage4-c12/i7-stage4-c12-vulkan/summary.json,1578,1578,46c2cd84238d845ad53cbe5297e07857fe95cc3f668b454f8441fe6931b01c73,46c2cd84238d845ad53cbe5297e07857fe95cc3f668b454f8441fe6931b01c73,true
13,13,i7-stage4-c13,cuda,results/local/i7-stage4-c13/i7-stage4-c13-cuda/environment.json,2437,2437,dfd139db3e1973abc7616f03c045ed0f186ddfda2ea034685416f531ac3136a4,dfd139db3e1973abc7616f03c045ed0f186ddfda2ea034685416f531ac3136a4,true
13,13,i7-stage4-c13,cuda,results/local/i7-stage4-c13/i7-stage4-c13-cuda/initialization.csv,238,238,0ae99857ee0b0542aea26922ae702126d631f905714a7a2b570e37c1d09accd7,0ae99857ee0b0542aea26922ae702126d631f905714a7a2b570e37c1d09accd7,true
13,13,i7-stage4-c13,cuda,results/local/i7-stage4-c13/i7-stage4-c13-cuda/samples.csv,667,667,cd07d4e24be48e84b87bec5cb04a618ac286876d2a2ba686e3f31363398df9b9,cd07d4e24be48e84b87bec5cb04a618ac286876d2a2ba686e3f31363398df9b9,true
13,13,i7-stage4-c13,cuda,results/local/i7-stage4-c13/i7-stage4-c13-cuda/summary.json,1569,1569,499fb0034dd4c91ef6c8e77118d644b6dd2ffd9016a8786d3a96120587e885d4,499fb0034dd4c91ef6c8e77118d644b6dd2ffd9016a8786d3a96120587e885d4,true
13,13,i7-stage4-c13,vulkan,results/local/i7-stage4-c13/i7-stage4-c13-vulkan/environment.json,2507,2507,9cc5acdb49223d607f22f7b484374b040b4b14c16aacb9c53f28e10f189cc6f6,9cc5acdb49223d607f22f7b484374b040b4b14c16aacb9c53f28e10f189cc6f6,true
13,13,i7-stage4-c13,vulkan,results/local/i7-stage4-c13/i7-stage4-c13-vulkan/initialization.csv,242,242,3c67df261a8454446d620627b1f54a51f454095eada30984edb87bc7be64f868,3c67df261a8454446d620627b1f54a51f454095eada30984edb87bc7be64f868,true
13,13,i7-stage4-c13,vulkan,results/local/i7-stage4-c13/i7-stage4-c13-vulkan/samples.csv,671,671,ee57d56a9047d2a3b19ccb32b02a02af682b4bbf57bfaab5359c660241d7ad57,ee57d56a9047d2a3b19ccb32b02a02af682b4bbf57bfaab5359c660241d7ad57,true
13,13,i7-stage4-c13,vulkan,results/local/i7-stage4-c13/i7-stage4-c13-vulkan/summary.json,1575,1575,28d8ca176794f4bdbf7fd878d5af7f8da26bd75eb190d575dd37b908ab7d70d4,28d8ca176794f4bdbf7fd878d5af7f8da26bd75eb190d575dd37b908ab7d70d4,true
14,14,i7-stage4-c14,cuda,results/local/i7-stage4-c14/i7-stage4-c14-cuda/environment.json,2450,2450,a31abf820faa17a8827217e91af45d13c8934ad2f613719db69492a05d13c24f,a31abf820faa17a8827217e91af45d13c8934ad2f613719db69492a05d13c24f,true
14,14,i7-stage4-c14,cuda,results/local/i7-stage4-c14/i7-stage4-c14-cuda/initialization.csv,238,238,f1e48cc0670f37fa816edb5ac0a618d3289b744e6dcaa30c4a28a097d691251c,f1e48cc0670f37fa816edb5ac0a618d3289b744e6dcaa30c4a28a097d691251c,true
14,14,i7-stage4-c14,cuda,results/local/i7-stage4-c14/i7-stage4-c14-cuda/samples.csv,667,667,625de2478265bbc35a6d20336a084327706f11816659c38328366ef977f11785,625de2478265bbc35a6d20336a084327706f11816659c38328366ef977f11785,true
14,14,i7-stage4-c14,cuda,results/local/i7-stage4-c14/i7-stage4-c14-cuda/summary.json,1569,1569,68e23adaf1f46b510ffdf6f7a8f3a650462c273a6288e00595d881cf8817daae,68e23adaf1f46b510ffdf6f7a8f3a650462c273a6288e00595d881cf8817daae,true
14,14,i7-stage4-c14,vulkan,results/local/i7-stage4-c14/i7-stage4-c14-vulkan/environment.json,2520,2520,f2aba8373e4c2f98cb2e18a6a0d65051d678ce7d3d20929b73c0d7a60bc22981,f2aba8373e4c2f98cb2e18a6a0d65051d678ce7d3d20929b73c0d7a60bc22981,true
14,14,i7-stage4-c14,vulkan,results/local/i7-stage4-c14/i7-stage4-c14-vulkan/initialization.csv,242,242,8c3fad063882be530b94ca2ec943dc3f2b07a21e51984824c2bd5f7a557922a5,8c3fad063882be530b94ca2ec943dc3f2b07a21e51984824c2bd5f7a557922a5,true
14,14,i7-stage4-c14,vulkan,results/local/i7-stage4-c14/i7-stage4-c14-vulkan/samples.csv,671,671,d61e354a9956fcd701edac4dd9fddb5219d03ffd7f8e1a071df502e033e355fa,d61e354a9956fcd701edac4dd9fddb5219d03ffd7f8e1a071df502e033e355fa,true
14,14,i7-stage4-c14,vulkan,results/local/i7-stage4-c14/i7-stage4-c14-vulkan/summary.json,1575,1575,9580c19157ab62e75f4b53ceea195f86fc1159889a6e5c5bbea1b0f186c6be4c,9580c19157ab62e75f4b53ceea195f86fc1159889a6e5c5bbea1b0f186c6be4c,true
15,15,i7-stage4-c15,cuda,results/local/i7-stage4-c15/i7-stage4-c15-cuda/environment.json,2451,2451,1f7a762855473ad261cd0c01a8a7c6ac392134726eefdd807d969b5584a7f40e,1f7a762855473ad261cd0c01a8a7c6ac392134726eefdd807d969b5584a7f40e,true
15,15,i7-stage4-c15,cuda,results/local/i7-stage4-c15/i7-stage4-c15-cuda/initialization.csv,239,239,e11a949d12fc4744060ee9d7fe9b23ac8c5d126442d0a6941a915a1b1b42258b,e11a949d12fc4744060ee9d7fe9b23ac8c5d126442d0a6941a915a1b1b42258b,true
15,15,i7-stage4-c15,cuda,results/local/i7-stage4-c15/i7-stage4-c15-cuda/samples.csv,668,668,652ae1d04d644e2bccc57809bce6e7f849e3663263b611a2b39ea261fae5bb46,652ae1d04d644e2bccc57809bce6e7f849e3663263b611a2b39ea261fae5bb46,true
15,15,i7-stage4-c15,cuda,results/local/i7-stage4-c15/i7-stage4-c15-cuda/summary.json,1570,1570,24f9265d89a222d587cfcf0a244aeb58075014bf0602ca962afee9fe08095e6f,24f9265d89a222d587cfcf0a244aeb58075014bf0602ca962afee9fe08095e6f,true
15,15,i7-stage4-c15,vulkan,results/local/i7-stage4-c15/i7-stage4-c15-vulkan/environment.json,2521,2521,5682d4b0274894fb50e4f690948f8d695960a19a449eb61727d9fe4e9981881c,5682d4b0274894fb50e4f690948f8d695960a19a449eb61727d9fe4e9981881c,true
15,15,i7-stage4-c15,vulkan,results/local/i7-stage4-c15/i7-stage4-c15-vulkan/initialization.csv,243,243,98a09b3523831b75cd9b2b628972af6926345f44ad0d062a6896fe314e1323c6,98a09b3523831b75cd9b2b628972af6926345f44ad0d062a6896fe314e1323c6,true
15,15,i7-stage4-c15,vulkan,results/local/i7-stage4-c15/i7-stage4-c15-vulkan/samples.csv,672,672,78fecd6867ded2190202b8d4808bbff9c150f1a45f393c89b6b13bced5efd8a8,78fecd6867ded2190202b8d4808bbff9c150f1a45f393c89b6b13bced5efd8a8,true
15,15,i7-stage4-c15,vulkan,results/local/i7-stage4-c15/i7-stage4-c15-vulkan/summary.json,1576,1576,f80eedf79744faab9221f8a8445a9fed2ed43a354fbd823e8e229ca5e965ae7c,f80eedf79744faab9221f8a8445a9fed2ed43a354fbd823e8e229ca5e965ae7c,true
16,16,i7-stage4-c16,,results/local/i7-stage4-c16.failure.json,433,433,d2b6104b489d228ce62541587a46c8d6125bd953b6252e9f8572cef3eecf9fef,d2b6104b489d228ce62541587a46c8d6125bd953b6252e9f8572cef3eecf9fef,true
