sequence_index,core_cell_index,session_id,workload,variant,backend,run_id,comparison_condition_id,series_id,protocol_version,git_commit,git_dirty,gpu_uuid,input_sha256,expected_output_sha256,shader_sha256,validation_passed,status,timing_fields_null,summary_regenerated,artifact_hashes_match,supervisor_package_state,audit_result
0,0,i7-stage4-8eb7f36-c00,A,A1,cuda,i7-stage4-8eb7f36-c00-cuda,54fbc883dd1a035d8df5a27fd8ec78b0636c4f440efde838ac8387436a695dbd,aae7fafad9b161af33283addcda688971988086faf79939bf95af468d85093e9,1.1,8eb7f3654e83073ece4d7ef2a8a5c2301cafe793,false,0340eaac-dc67-f450-d558-d47c55cc4417,f9d00b3f9c3cb0a45e8574729e9f5d12a7a9ca579e0bd0c546c644227f9fce3f,456fce584ca45a00fb9528cc00d3487a0be5885118dc8a9d968569588f164532,,true,ok,true,true,true,complete-pass,PASS
0,0,i7-stage4-8eb7f36-c00,A,A1,vulkan,i7-stage4-8eb7f36-c00-vulkan,54fbc883dd1a035d8df5a27fd8ec78b0636c4f440efde838ac8387436a695dbd,a2e959c1c96897ad78a3fa80d91838cf0574d5f32d266582735589ced507a8c4,1.1,8eb7f3654e83073ece4d7ef2a8a5c2301cafe793,false,0340eaac-dc67-f450-d558-d47c55cc4417,f9d00b3f9c3cb0a45e8574729e9f5d12a7a9ca579e0bd0c546c644227f9fce3f,456fce584ca45a00fb9528cc00d3487a0be5885118dc8a9d968569588f164532,c40c5ef608254d7763aa244d1ca6403605f750212a038ccf1913cff2bd61c63a,true,ok,true,true,true,complete-pass,PASS
1,1,i7-stage4-8eb7f36-c01,A,A1,cuda,i7-stage4-8eb7f36-c01-cuda,ae940a5cad39ec7694b48cd0c582b0333996db5e93d6d0aeb6c377211aa022bf,f6f8103464958bab22f8f36e7eef794032f64ad4bae91216db80a5a89e0edb99,1.1,8eb7f3654e83073ece4d7ef2a8a5c2301cafe793,false,0340eaac-dc67-f450-d558-d47c55cc4417,f077ed186598e921703133782a71e13453b7f696ec3603d65c5e927f3c68eea4,2b8cdd478686c86bfbe0fbb4f0d40ce1ae719f27425747ee6ce4c70dd135c400,,true,ok,true,true,true,complete-pass,PASS
1,1,i7-stage4-8eb7f36-c01,A,A1,vulkan,i7-stage4-8eb7f36-c01-vulkan,ae940a5cad39ec7694b48cd0c582b0333996db5e93d6d0aeb6c377211aa022bf,e9476de1632cfcd8809b87d3a2763a95e770daf4ffe4587050418011681b1275,1.1,8eb7f3654e83073ece4d7ef2a8a5c2301cafe793,false,0340eaac-dc67-f450-d558-d47c55cc4417,f077ed186598e921703133782a71e13453b7f696ec3603d65c5e927f3c68eea4,2b8cdd478686c86bfbe0fbb4f0d40ce1ae719f27425747ee6ce4c70dd135c400,c40c5ef608254d7763aa244d1ca6403605f750212a038ccf1913cff2bd61c63a,true,ok,true,true,true,complete-pass,PASS
2,2,i7-stage4-8eb7f36-c02,A,A1,cuda,i7-stage4-8eb7f36-c02-cuda,fbee0d871d4eeae9d02a7f03159cc4169bb19e36f92c9437128b670b026daa33,bc85cd7bb7b40d9a543e2100db3a5be8e2b770bc82ea3594fd7651722077eacb,1.1,8eb7f3654e83073ece4d7ef2a8a5c2301cafe793,false,0340eaac-dc67-f450-d558-d47c55cc4417,2cbae2866eac93265fcd796aeef074d13e03a11e50ccc70cefb767cb679b2157,3fd34fa9c9604ea1f13ccb9b7236e2ed2456f8b69f04358aae85d7d0d5b85187,,true,ok,true,true,true,complete-pass,PASS
2,2,i7-stage4-8eb7f36-c02,A,A1,vulkan,i7-stage4-8eb7f36-c02-vulkan,fbee0d871d4eeae9d02a7f03159cc4169bb19e36f92c9437128b670b026daa33,b6be63d8e7dc9e21148f91855fcd4c90615e88de9abb0dcbe13931e8a59303cb,1.1,8eb7f3654e83073ece4d7ef2a8a5c2301cafe793,false,0340eaac-dc67-f450-d558-d47c55cc4417,2cbae2866eac93265fcd796aeef074d13e03a11e50ccc70cefb767cb679b2157,3fd34fa9c9604ea1f13ccb9b7236e2ed2456f8b69f04358aae85d7d0d5b85187,c40c5ef608254d7763aa244d1ca6403605f750212a038ccf1913cff2bd61c63a,true,ok,true,true,true,complete-pass,PASS
3,3,i7-stage4-8eb7f36-c03,A,A2,cuda,i7-stage4-8eb7f36-c03-cuda,8e21c67f73d7ed57e8ed52fcb8fdac3e8c9e74d9e246ec9e2da7eccb93016f66,2e4242352dc667401c2b991c7ada819dc52b8f5de57dc9521436326d4770a934,1.1,8eb7f3654e83073ece4d7ef2a8a5c2301cafe793,false,0340eaac-dc67-f450-d558-d47c55cc4417,f077ed186598e921703133782a71e13453b7f696ec3603d65c5e927f3c68eea4,32a1d93c30aa5c673b7f4f94dfccabec0e74b0c393084054b118337bf5c4c178,,true,ok,true,true,true,complete-pass,PASS
3,3,i7-stage4-8eb7f36-c03,A,A2,vulkan,i7-stage4-8eb7f36-c03-vulkan,8e21c67f73d7ed57e8ed52fcb8fdac3e8c9e74d9e246ec9e2da7eccb93016f66,25ed06af3817a4f1971a216059ba6d82f567a559afeceb057ff94c88466e62ad,1.1,8eb7f3654e83073ece4d7ef2a8a5c2301cafe793,false,0340eaac-dc67-f450-d558-d47c55cc4417,f077ed186598e921703133782a71e13453b7f696ec3603d65c5e927f3c68eea4,32a1d93c30aa5c673b7f4f94dfccabec0e74b0c393084054b118337bf5c4c178,bfda73b6abe562facaba4fa265b281144e2c8761517ffad71c8176184cf17f3f,true,ok,true,true,true,complete-pass,PASS
4,4,i7-stage4-8eb7f36-c04,A,A2,cuda,i7-stage4-8eb7f36-c04-cuda,c298b2445b9b93c291009da1ae40f20d975136c193827629273351cece0b97d5,ca09ed879f93f0643a9abf2e1a278e14bc011a619e65ea9355bc03361e971ec7,1.1,8eb7f3654e83073ece4d7ef2a8a5c2301cafe793,false,0340eaac-dc67-f450-d558-d47c55cc4417,2cbae2866eac93265fcd796aeef074d13e03a11e50ccc70cefb767cb679b2157,46967d364214874363409e2701ceced16c64ed076bde06f72ee32743e0110a27,,true,ok,true,true,true,complete-pass,PASS
4,4,i7-stage4-8eb7f36-c04,A,A2,vulkan,i7-stage4-8eb7f36-c04-vulkan,c298b2445b9b93c291009da1ae40f20d975136c193827629273351cece0b97d5,6527516ce134df02095cea01c07669d43dbf5fed0eab90b988021e33f59dff8c,1.1,8eb7f3654e83073ece4d7ef2a8a5c2301cafe793,false,0340eaac-dc67-f450-d558-d47c55cc4417,2cbae2866eac93265fcd796aeef074d13e03a11e50ccc70cefb767cb679b2157,46967d364214874363409e2701ceced16c64ed076bde06f72ee32743e0110a27,bfda73b6abe562facaba4fa265b281144e2c8761517ffad71c8176184cf17f3f,true,ok,true,true,true,complete-pass,PASS
5,5,i7-stage4-8eb7f36-c05,B,B1,cuda,i7-stage4-8eb7f36-c05-cuda,cee49dc6cf10277c21e04e92a51183bae9a2697969aab18658fe4ac063ae14bf,cd8698e1827686d3f4162225c644ea0872f99b15048d675e7b51714e8adc07b2,1.1,8eb7f3654e83073ece4d7ef2a8a5c2301cafe793,false,0340eaac-dc67-f450-d558-d47c55cc4417,2a03725dd258244bfd5788a4ddb6473d0c04025a27c3edb975f50b08dbbc9c1a,71f3690626ec04e27b0a9f7937ea2f689c9d9daa55a16fc544015445933532be,,true,ok,true,true,true,complete-pass,PASS
5,5,i7-stage4-8eb7f36-c05,B,B1,vulkan,i7-stage4-8eb7f36-c05-vulkan,cee49dc6cf10277c21e04e92a51183bae9a2697969aab18658fe4ac063ae14bf,0bda1d5abba0a6f31fc2ada46716411661ed268c1dbc2dcff947eca4fd3674f2,1.1,8eb7f3654e83073ece4d7ef2a8a5c2301cafe793,false,0340eaac-dc67-f450-d558-d47c55cc4417,2a03725dd258244bfd5788a4ddb6473d0c04025a27c3edb975f50b08dbbc9c1a,71f3690626ec04e27b0a9f7937ea2f689c9d9daa55a16fc544015445933532be,7eb4a7d40c2ea5aa133821290318b18b45c49f5284cb6ffc8ebda5f9b35e933c,true,ok,true,true,true,complete-pass,PASS
6,6,i7-stage4-8eb7f36-c06,B,B1,cuda,i7-stage4-8eb7f36-c06-cuda,3287b32b488eb0fdd546e46c1dbc2c0e1963a98b53d54f8bea40e926491a0c45,83e6a2fe2ca95ab5789a7e4b47d5d9b9e23810dd2dcf19644138c60953a1493c,1.1,8eb7f3654e83073ece4d7ef2a8a5c2301cafe793,false,0340eaac-dc67-f450-d558-d47c55cc4417,e5dd3781f3cd1ed6cca993a3460f37570bb5985915b0f685594c85d03ba1f7f6,007eb595f2603160598c159235e13077b89b3ee33d4f0ea219d40f1ed1329c3c,,true,ok,true,true,true,complete-pass,PASS
6,6,i7-stage4-8eb7f36-c06,B,B1,vulkan,i7-stage4-8eb7f36-c06-vulkan,3287b32b488eb0fdd546e46c1dbc2c0e1963a98b53d54f8bea40e926491a0c45,ca6f38aa0adc8e9b96d8623225ead4f3a46a24cf5b055a6978ab3e6d22b814ae,1.1,8eb7f3654e83073ece4d7ef2a8a5c2301cafe793,false,0340eaac-dc67-f450-d558-d47c55cc4417,e5dd3781f3cd1ed6cca993a3460f37570bb5985915b0f685594c85d03ba1f7f6,007eb595f2603160598c159235e13077b89b3ee33d4f0ea219d40f1ed1329c3c,7eb4a7d40c2ea5aa133821290318b18b45c49f5284cb6ffc8ebda5f9b35e933c,true,ok,true,true,true,complete-pass,PASS
7,7,i7-stage4-8eb7f36-c07,B,B1,cuda,i7-stage4-8eb7f36-c07-cuda,7f595106b448d8bf976b9e68dab5fe8ea59346e1f8187f8187814b4eb875e5df,0751edbcd61bc9da1aa7080acc00ba482e7edba59373a77b1907592a3821fe1a,1.1,8eb7f3654e83073ece4d7ef2a8a5c2301cafe793,false,0340eaac-dc67-f450-d558-d47c55cc4417,4e942dd8be515eac338ba152898b55497a730ecd2e4ce5b4e6660e473758218b,f0e87d54a692f52b2b4d42bf0169b05f74e28ea65ff57a8cf047bf19c2bc7619,,true,ok,true,true,true,complete-pass,PASS
7,7,i7-stage4-8eb7f36-c07,B,B1,vulkan,i7-stage4-8eb7f36-c07-vulkan,7f595106b448d8bf976b9e68dab5fe8ea59346e1f8187f8187814b4eb875e5df,2a607f9d9b5c77e3c73b2b772c0b1a7c4a8ec2a1cef4d28ae4a21f20e6061749,1.1,8eb7f3654e83073ece4d7ef2a8a5c2301cafe793,false,0340eaac-dc67-f450-d558-d47c55cc4417,4e942dd8be515eac338ba152898b55497a730ecd2e4ce5b4e6660e473758218b,f0e87d54a692f52b2b4d42bf0169b05f74e28ea65ff57a8cf047bf19c2bc7619,7eb4a7d40c2ea5aa133821290318b18b45c49f5284cb6ffc8ebda5f9b35e933c,true,ok,true,true,true,complete-pass,PASS
8,8,i7-stage4-8eb7f36-c08,B,B2,cuda,i7-stage4-8eb7f36-c08-cuda,968ccfd08b93324c06bf74916fb3d55238571370ee9c71ad873479cea4bddb5d,d4f5bc447aa11d7433d3097bdfdcf723fb0ef6989c26191d88c59873209d5632,1.1,8eb7f3654e83073ece4d7ef2a8a5c2301cafe793,false,0340eaac-dc67-f450-d558-d47c55cc4417,2a03725dd258244bfd5788a4ddb6473d0c04025a27c3edb975f50b08dbbc9c1a,47c74de141ffa63a7067f8f39ca428fab8d9308fa5c4a2582139670a554060cc,,true,ok,true,true,true,complete-pass,PASS
8,8,i7-stage4-8eb7f36-c08,B,B2,vulkan,i7-stage4-8eb7f36-c08-vulkan,968ccfd08b93324c06bf74916fb3d55238571370ee9c71ad873479cea4bddb5d,4e48135b4ef3430303027b3f445896db7190d081abd6adee086b32ea63a74d5b,1.1,8eb7f3654e83073ece4d7ef2a8a5c2301cafe793,false,0340eaac-dc67-f450-d558-d47c55cc4417,2a03725dd258244bfd5788a4ddb6473d0c04025a27c3edb975f50b08dbbc9c1a,47c74de141ffa63a7067f8f39ca428fab8d9308fa5c4a2582139670a554060cc,2761fe5fab23630ce7ed47a93afe74cd769d1b154fa13a33a49601ed02120a26,true,ok,true,true,true,complete-pass,PASS
9,9,i7-stage4-8eb7f36-c09,B,B2,cuda,i7-stage4-8eb7f36-c09-cuda,b6ea55478e36a1fb6c1f58449f564f03e0c6052f6f875b18da663c37e9ad6b2a,b11fbe7a14fce1f11bedf3abff43495e369cd634045b336ad2efd1316cdbcc4c,1.1,8eb7f3654e83073ece4d7ef2a8a5c2301cafe793,false,0340eaac-dc67-f450-d558-d47c55cc4417,e5dd3781f3cd1ed6cca993a3460f37570bb5985915b0f685594c85d03ba1f7f6,f784e0ab02753bfd6dfc5428612e9fc2c26c7d8b07bf1e6af9aaf67708a6d5f7,,true,ok,true,true,true,complete-pass,PASS
9,9,i7-stage4-8eb7f36-c09,B,B2,vulkan,i7-stage4-8eb7f36-c09-vulkan,b6ea55478e36a1fb6c1f58449f564f03e0c6052f6f875b18da663c37e9ad6b2a,75d5a03ff6c1f4342e9ed9583bfe15afca9e58c1c1ba7ed8f7e9c5a3a6e50208,1.1,8eb7f3654e83073ece4d7ef2a8a5c2301cafe793,false,0340eaac-dc67-f450-d558-d47c55cc4417,e5dd3781f3cd1ed6cca993a3460f37570bb5985915b0f685594c85d03ba1f7f6,f784e0ab02753bfd6dfc5428612e9fc2c26c7d8b07bf1e6af9aaf67708a6d5f7,2761fe5fab23630ce7ed47a93afe74cd769d1b154fa13a33a49601ed02120a26,true,ok,true,true,true,complete-pass,PASS
10,10,i7-stage4-8eb7f36-c10,B,B2,cuda,i7-stage4-8eb7f36-c10-cuda,4190d15c34206e9588476b18d2bfce3c7a01b064fa0b9fe42730e6861eb8a635,1e37fd42a9187c3004ac456d7c778a2ac68254cd808eae27bbb43b3933ddda78,1.1,8eb7f3654e83073ece4d7ef2a8a5c2301cafe793,false,0340eaac-dc67-f450-d558-d47c55cc4417,4e942dd8be515eac338ba152898b55497a730ecd2e4ce5b4e6660e473758218b,344f361eb2980da18b71888c501ad5546e4ceb139d329f3f432c213a8291af48,,true,ok,true,true,true,complete-pass,PASS
10,10,i7-stage4-8eb7f36-c10,B,B2,vulkan,i7-stage4-8eb7f36-c10-vulkan,4190d15c34206e9588476b18d2bfce3c7a01b064fa0b9fe42730e6861eb8a635,fb593892920c83af6be9c955ca190149ea62a18817e7771af2b5069f92d229cd,1.1,8eb7f3654e83073ece4d7ef2a8a5c2301cafe793,false,0340eaac-dc67-f450-d558-d47c55cc4417,4e942dd8be515eac338ba152898b55497a730ecd2e4ce5b4e6660e473758218b,344f361eb2980da18b71888c501ad5546e4ceb139d329f3f432c213a8291af48,2761fe5fab23630ce7ed47a93afe74cd769d1b154fa13a33a49601ed02120a26,true,ok,true,true,true,complete-pass,PASS
11,11,i7-stage4-8eb7f36-c11,C,C,cuda,i7-stage4-8eb7f36-c11-cuda,70dd99d56a84b7c6e09ec5e1f16f297801fda10b5efdba03654e282fa8952f43,d95d9cafe8b948ca0ca4eb02a5d3c72ccd01052cc12856f08165155ea73b2bd8,1.1,8eb7f3654e83073ece4d7ef2a8a5c2301cafe793,false,0340eaac-dc67-f450-d558-d47c55cc4417,d1c441af717d01460c7d21d9f3022772fbe55c6c7e7a8c4d5712fced96d28e4d,0abd34e81866c56a09904565070e9e929e0ae889e79b6dd186510030f6e1478c,,true,ok,true,true,true,complete-pass,PASS
11,11,i7-stage4-8eb7f36-c11,C,C,vulkan,i7-stage4-8eb7f36-c11-vulkan,70dd99d56a84b7c6e09ec5e1f16f297801fda10b5efdba03654e282fa8952f43,024644335faf1d02c7095070bdb9dd8ca9937e34d36a7a4236bd56e70757769f,1.1,8eb7f3654e83073ece4d7ef2a8a5c2301cafe793,false,0340eaac-dc67-f450-d558-d47c55cc4417,d1c441af717d01460c7d21d9f3022772fbe55c6c7e7a8c4d5712fced96d28e4d,0abd34e81866c56a09904565070e9e929e0ae889e79b6dd186510030f6e1478c,7e4643308689eb49ee19a205ad126cf616e57f2c613b2e11007ad5a95446a4aa,true,ok,true,true,true,complete-pass,PASS
12,12,i7-stage4-8eb7f36-c12,C,C,cuda,i7-stage4-8eb7f36-c12-cuda,a06bc11ac3e31d58c147e75356797105ea01294a5be998425d1d88e5b1c37492,8dea1e2da085475b10b6f19a4b12e44798dd90154a690e03e61d44ea88500505,1.1,8eb7f3654e83073ece4d7ef2a8a5c2301cafe793,false,0340eaac-dc67-f450-d558-d47c55cc4417,1d3afa805e940177af62285303d6e68fd5178d9658728cb7b70b64195204eb48,33d122b54c483a137b74d01ca43ee115382117f241ca790f405d90f238a1e23a,,true,ok,true,true,true,complete-pass,PASS
12,12,i7-stage4-8eb7f36-c12,C,C,vulkan,i7-stage4-8eb7f36-c12-vulkan,a06bc11ac3e31d58c147e75356797105ea01294a5be998425d1d88e5b1c37492,3201ec6508104b5e9419fbe5a241fecb411968a1921c391fc8d0cd642b28ab42,1.1,8eb7f3654e83073ece4d7ef2a8a5c2301cafe793,false,0340eaac-dc67-f450-d558-d47c55cc4417,1d3afa805e940177af62285303d6e68fd5178d9658728cb7b70b64195204eb48,33d122b54c483a137b74d01ca43ee115382117f241ca790f405d90f238a1e23a,7e4643308689eb49ee19a205ad126cf616e57f2c613b2e11007ad5a95446a4aa,true,ok,true,true,true,complete-pass,PASS
13,13,i7-stage4-8eb7f36-c13,C,C,cuda,i7-stage4-8eb7f36-c13-cuda,97da1bfbde6d907b103d2bef23339fefe5d08920dd418e01a77fc39804fdb7c8,bd07ae4fd3b80eafdbffaeb52fe6f5a53d6129f95a78ba53e46fdb375600bec5,1.1,8eb7f3654e83073ece4d7ef2a8a5c2301cafe793,false,0340eaac-dc67-f450-d558-d47c55cc4417,e652a928b013d1978912bc9f7b65af9cc217a243305d9ab255c1c22b961ba4ef,034641ece0e3f0e88139e9e68e8b471f18fae8b6cf66f0f9e13e8fda8a5caed7,,true,ok,true,true,true,complete-pass,PASS
13,13,i7-stage4-8eb7f36-c13,C,C,vulkan,i7-stage4-8eb7f36-c13-vulkan,97da1bfbde6d907b103d2bef23339fefe5d08920dd418e01a77fc39804fdb7c8,bf0d16109bdc44a034e7888c6ad6ae3068c7da14008af625d67708c3d77bbfce,1.1,8eb7f3654e83073ece4d7ef2a8a5c2301cafe793,false,0340eaac-dc67-f450-d558-d47c55cc4417,e652a928b013d1978912bc9f7b65af9cc217a243305d9ab255c1c22b961ba4ef,034641ece0e3f0e88139e9e68e8b471f18fae8b6cf66f0f9e13e8fda8a5caed7,7e4643308689eb49ee19a205ad126cf616e57f2c613b2e11007ad5a95446a4aa,true,ok,true,true,true,complete-pass,PASS
14,14,i7-stage4-8eb7f36-c14,D,D1,cuda,i7-stage4-8eb7f36-c14-cuda,f3c93f4ae7ea1279ad3060298f5a5797f2e689dc120f4a9fe9f7ec725e7e8781,de5a9df6ea8677da2340c19629e1b0891c40f432b467c807c8487cc43ed92830,1.1,8eb7f3654e83073ece4d7ef2a8a5c2301cafe793,false,0340eaac-dc67-f450-d558-d47c55cc4417,f077ed186598e921703133782a71e13453b7f696ec3603d65c5e927f3c68eea4,bfd60dde551cdfa2f0ca71309e8b486dd9fdeb284b8d22bf47123d3935c2436f,,true,ok,true,true,true,complete-pass,PASS
14,14,i7-stage4-8eb7f36-c14,D,D1,vulkan,i7-stage4-8eb7f36-c14-vulkan,f3c93f4ae7ea1279ad3060298f5a5797f2e689dc120f4a9fe9f7ec725e7e8781,0a195c4ca077122354dff744da70b803b968d7faf1378e55c644c90e33760869,1.1,8eb7f3654e83073ece4d7ef2a8a5c2301cafe793,false,0340eaac-dc67-f450-d558-d47c55cc4417,f077ed186598e921703133782a71e13453b7f696ec3603d65c5e927f3c68eea4,bfd60dde551cdfa2f0ca71309e8b486dd9fdeb284b8d22bf47123d3935c2436f,3d0787c7ce83802caca54cd9bc107d506949a509ba0ffe5f0604bf72ed9e7d61,true,ok,true,true,true,complete-pass,PASS
15,15,i7-stage4-8eb7f36-c15,D,D1,cuda,i7-stage4-8eb7f36-c15-cuda,8e3af4e35a803ddfc22dabb4f1228e26b571a6ecc181ede9396ab9ffb7ea48a3,198f5c5390efe7cc2c07cc7b4397972724f46bacf6375f5f62dd881a27d95165,1.1,8eb7f3654e83073ece4d7ef2a8a5c2301cafe793,false,0340eaac-dc67-f450-d558-d47c55cc4417,ff50bc0ab48fa20c1fff2c6fcf8f4052f268b818cbf7aba88bdeeb4951f3893b,c9c75e65a0cd2fe379a70804b6a67f31ba667b0fbe9a2475c4f6432f3ef81353,,true,ok,true,true,true,complete-pass,PASS
15,15,i7-stage4-8eb7f36-c15,D,D1,vulkan,i7-stage4-8eb7f36-c15-vulkan,8e3af4e35a803ddfc22dabb4f1228e26b571a6ecc181ede9396ab9ffb7ea48a3,9719a677ca6cdd71c6e040e6f897e342abdd6a5ac29044781b1ac5f5c650eee4,1.1,8eb7f3654e83073ece4d7ef2a8a5c2301cafe793,false,0340eaac-dc67-f450-d558-d47c55cc4417,ff50bc0ab48fa20c1fff2c6fcf8f4052f268b818cbf7aba88bdeeb4951f3893b,c9c75e65a0cd2fe379a70804b6a67f31ba667b0fbe9a2475c4f6432f3ef81353,3d0787c7ce83802caca54cd9bc107d506949a509ba0ffe5f0604bf72ed9e7d61,true,ok,true,true,true,complete-pass,PASS
16,16,i7-stage4-8eb7f36-c16,E,E1,cuda,i7-stage4-8eb7f36-c16-cuda,0a0235bd0c34dff8b1d184cade37a66a0b773ae8b878b3d28653d04b664828d9,02c9f7a2c4bf4b789101fd2d07b156a7c6ab8e787e91a58ce5ae893588360419,1.1,8eb7f3654e83073ece4d7ef2a8a5c2301cafe793,false,0340eaac-dc67-f450-d558-d47c55cc4417,1ce394d55e0150c7bf43bb49edf8b74517c7fca48fda1154d0fe9bb3f063b8a1,1ce394d55e0150c7bf43bb49edf8b74517c7fca48fda1154d0fe9bb3f063b8a1,,true,ok,true,true,true,complete-pass,PASS
16,16,i7-stage4-8eb7f36-c16,E,E1,vulkan,i7-stage4-8eb7f36-c16-vulkan,0a0235bd0c34dff8b1d184cade37a66a0b773ae8b878b3d28653d04b664828d9,7fbbe229bed752ac5dd0edc813559f48d166be930e9b4d33716dd720daea5cae,1.1,8eb7f3654e83073ece4d7ef2a8a5c2301cafe793,false,0340eaac-dc67-f450-d558-d47c55cc4417,1ce394d55e0150c7bf43bb49edf8b74517c7fca48fda1154d0fe9bb3f063b8a1,1ce394d55e0150c7bf43bb49edf8b74517c7fca48fda1154d0fe9bb3f063b8a1,,true,ok,true,true,true,complete-pass,PASS
17,17,i7-stage4-8eb7f36-c17,E,E1,cuda,i7-stage4-8eb7f36-c17-cuda,38adef4bd73cc692fc27263aa13b389d77d43f03088775d1c4c725196008b87b,9e787bd8409a094d97e9a5aecfa46c0a4687a609ad6d4537ef188203a26f81e8,1.1,8eb7f3654e83073ece4d7ef2a8a5c2301cafe793,false,0340eaac-dc67-f450-d558-d47c55cc4417,8a19ab6b3ed2c7cdaca4f2e5c61c76a80fba667ed9b9c3a073d2dc6e82afcbfb,8a19ab6b3ed2c7cdaca4f2e5c61c76a80fba667ed9b9c3a073d2dc6e82afcbfb,,true,ok,true,true,true,complete-pass,PASS
17,17,i7-stage4-8eb7f36-c17,E,E1,vulkan,i7-stage4-8eb7f36-c17-vulkan,38adef4bd73cc692fc27263aa13b389d77d43f03088775d1c4c725196008b87b,85142116194cf431d6463dfd92cd941dd39e1844e21ec7be7492af678355d6c1,1.1,8eb7f3654e83073ece4d7ef2a8a5c2301cafe793,false,0340eaac-dc67-f450-d558-d47c55cc4417,8a19ab6b3ed2c7cdaca4f2e5c61c76a80fba667ed9b9c3a073d2dc6e82afcbfb,8a19ab6b3ed2c7cdaca4f2e5c61c76a80fba667ed9b9c3a073d2dc6e82afcbfb,,true,ok,true,true,true,complete-pass,PASS
18,18,i7-stage4-8eb7f36-c18,E,E1,cuda,i7-stage4-8eb7f36-c18-cuda,fff0cbf64a8900b673d34a516281019131fc8e5ca14038a8496898f0597c678f,20000024b52f7278dfb719a873195b8427bf41ee944faef81834f7c6168f452f,1.1,8eb7f3654e83073ece4d7ef2a8a5c2301cafe793,false,0340eaac-dc67-f450-d558-d47c55cc4417,11ae7cb58ae2b356e90d19b8caf55b70c37ebff0a1ebdbdbf2988307731d66d6,11ae7cb58ae2b356e90d19b8caf55b70c37ebff0a1ebdbdbf2988307731d66d6,,true,ok,true,true,true,complete-pass,PASS
18,18,i7-stage4-8eb7f36-c18,E,E1,vulkan,i7-stage4-8eb7f36-c18-vulkan,fff0cbf64a8900b673d34a516281019131fc8e5ca14038a8496898f0597c678f,ee1ba5ab22c28bfa61bdb2f73340c4ca42a81b0895b8db27dacc92c246be15e5,1.1,8eb7f3654e83073ece4d7ef2a8a5c2301cafe793,false,0340eaac-dc67-f450-d558-d47c55cc4417,11ae7cb58ae2b356e90d19b8caf55b70c37ebff0a1ebdbdbf2988307731d66d6,11ae7cb58ae2b356e90d19b8caf55b70c37ebff0a1ebdbdbf2988307731d66d6,,true,ok,true,true,true,complete-pass,PASS
19,19,i7-stage4-8eb7f36-c19,E,E2,cuda,i7-stage4-8eb7f36-c19-cuda,fb2031a2e526610708d1a88cf1f25ae663d35b5a84b87abf6369ab364fe2677f,b41e7a5ddb369e3e9cfbc24b71a2f0bcaab873b014fcf318e8be4eb9e27579c7,1.1,8eb7f3654e83073ece4d7ef2a8a5c2301cafe793,false,0340eaac-dc67-f450-d558-d47c55cc4417,1ce394d55e0150c7bf43bb49edf8b74517c7fca48fda1154d0fe9bb3f063b8a1,1ce394d55e0150c7bf43bb49edf8b74517c7fca48fda1154d0fe9bb3f063b8a1,,true,ok,true,true,true,complete-pass,PASS
19,19,i7-stage4-8eb7f36-c19,E,E2,vulkan,i7-stage4-8eb7f36-c19-vulkan,fb2031a2e526610708d1a88cf1f25ae663d35b5a84b87abf6369ab364fe2677f,32f7ab7a99c2af2d6e1de60faa3b45a89151998553355dd3d969032409fd50cb,1.1,8eb7f3654e83073ece4d7ef2a8a5c2301cafe793,false,0340eaac-dc67-f450-d558-d47c55cc4417,1ce394d55e0150c7bf43bb49edf8b74517c7fca48fda1154d0fe9bb3f063b8a1,1ce394d55e0150c7bf43bb49edf8b74517c7fca48fda1154d0fe9bb3f063b8a1,,true,ok,true,true,true,complete-pass,PASS
20,20,i7-stage4-8eb7f36-c20,E,E2,cuda,i7-stage4-8eb7f36-c20-cuda,46fb1820ff78d30f07ce5bb23463677081f3f42fb02ea281d5effa504f93593f,c68acc3a7444e64dad90d93d31e51480fc846c14ec884d13a1d8c410ef31d3d1,1.1,8eb7f3654e83073ece4d7ef2a8a5c2301cafe793,false,0340eaac-dc67-f450-d558-d47c55cc4417,8a19ab6b3ed2c7cdaca4f2e5c61c76a80fba667ed9b9c3a073d2dc6e82afcbfb,8a19ab6b3ed2c7cdaca4f2e5c61c76a80fba667ed9b9c3a073d2dc6e82afcbfb,,true,ok,true,true,true,complete-pass,PASS
20,20,i7-stage4-8eb7f36-c20,E,E2,vulkan,i7-stage4-8eb7f36-c20-vulkan,46fb1820ff78d30f07ce5bb23463677081f3f42fb02ea281d5effa504f93593f,2713c786cc7a309dd9d99a6c2032ac2da7a3ddace10ce65e3f3e9328cd8a901a,1.1,8eb7f3654e83073ece4d7ef2a8a5c2301cafe793,false,0340eaac-dc67-f450-d558-d47c55cc4417,8a19ab6b3ed2c7cdaca4f2e5c61c76a80fba667ed9b9c3a073d2dc6e82afcbfb,8a19ab6b3ed2c7cdaca4f2e5c61c76a80fba667ed9b9c3a073d2dc6e82afcbfb,,true,ok,true,true,true,complete-pass,PASS
21,21,i7-stage4-8eb7f36-c21,E,E2,cuda,i7-stage4-8eb7f36-c21-cuda,299069a9642b090333b84b3b47ee319587a278075a3c57ee6ead6e069ea4535b,8e7e6dd403d6bd103313feb6172cc14689c38a3ea810d41895f5085a6e1bda20,1.1,8eb7f3654e83073ece4d7ef2a8a5c2301cafe793,false,0340eaac-dc67-f450-d558-d47c55cc4417,11ae7cb58ae2b356e90d19b8caf55b70c37ebff0a1ebdbdbf2988307731d66d6,11ae7cb58ae2b356e90d19b8caf55b70c37ebff0a1ebdbdbf2988307731d66d6,,true,ok,true,true,true,complete-pass,PASS
21,21,i7-stage4-8eb7f36-c21,E,E2,vulkan,i7-stage4-8eb7f36-c21-vulkan,299069a9642b090333b84b3b47ee319587a278075a3c57ee6ead6e069ea4535b,10165b82781a24933449ee4f175f3f3a8c4e252aa45c7c080747acc7e1ebb699,1.1,8eb7f3654e83073ece4d7ef2a8a5c2301cafe793,false,0340eaac-dc67-f450-d558-d47c55cc4417,11ae7cb58ae2b356e90d19b8caf55b70c37ebff0a1ebdbdbf2988307731d66d6,11ae7cb58ae2b356e90d19b8caf55b70c37ebff0a1ebdbdbf2988307731d66d6,,true,ok,true,true,true,complete-pass,PASS
