schema_version,run_id,experiment_id,comparison_condition_id,series_id,backend,workload,variant,seed,element_count,byte_count,index_pattern,counter_count,iteration_count,transfer_direction,execution_mode,instrument_mode,warmup_count,planned_sample_count,block_index,order_slot,process_index,sample_index,validation_passed,status,failure_phase,error_code,host_submission_ns,host_wait_ns,host_completion_ns,native_device_interval_ns
2,ex2-s7-3060ti-e2-8f1565f-slot-032,EX-2,556f49c5b77062a1797030fe5fd732155a492790d05b0de6bd97d0ac7dbc429a,d8b1c008653716274087b1445a571335249a0fedaf46ce28b2af64b75878dac2,vulkan,A,A2,81985529216486895,262144,,,,,,ordinary,H,0,100,1,0,1,0,true,ok,,,51500,184500,236000,
2,ex2-s7-3060ti-e2-8f1565f-slot-032,EX-2,556f49c5b77062a1797030fe5fd732155a492790d05b0de6bd97d0ac7dbc429a,d8b1c008653716274087b1445a571335249a0fedaf46ce28b2af64b75878dac2,vulkan,A,A2,81985529216486895,262144,,,,,,ordinary,H,0,100,1,0,1,1,true,ok,,,19100,52800,71900,
2,ex2-s7-3060ti-e2-8f1565f-slot-032,EX-2,556f49c5b77062a1797030fe5fd732155a492790d05b0de6bd97d0ac7dbc429a,d8b1c008653716274087b1445a571335249a0fedaf46ce28b2af64b75878dac2,vulkan,A,A2,81985529216486895,262144,,,,,,ordinary,H,0,100,1,0,1,2,true,ok,,,18400,53900,72300,
2,ex2-s7-3060ti-e2-8f1565f-slot-032,EX-2,556f49c5b77062a1797030fe5fd732155a492790d05b0de6bd97d0ac7dbc429a,d8b1c008653716274087b1445a571335249a0fedaf46ce28b2af64b75878dac2,vulkan,A,A2,81985529216486895,262144,,,,,,ordinary,H,0,100,1,0,1,3,true,ok,,,18300,53900,72200,
2,ex2-s7-3060ti-e2-8f1565f-slot-032,EX-2,556f49c5b77062a1797030fe5fd732155a492790d05b0de6bd97d0ac7dbc429a,d8b1c008653716274087b1445a571335249a0fedaf46ce28b2af64b75878dac2,vulkan,A,A2,81985529216486895,262144,,,,,,ordinary,H,0,100,1,0,1,4,true,ok,,,24300,258900,283200,
2,ex2-s7-3060ti-e2-8f1565f-slot-032,EX-2,556f49c5b77062a1797030fe5fd732155a492790d05b0de6bd97d0ac7dbc429a,d8b1c008653716274087b1445a571335249a0fedaf46ce28b2af64b75878dac2,vulkan,A,A2,81985529216486895,262144,,,,,,ordinary,H,0,100,1,0,1,5,true,ok,,,19000,52200,71200,
2,ex2-s7-3060ti-e2-8f1565f-slot-032,EX-2,556f49c5b77062a1797030fe5fd732155a492790d05b0de6bd97d0ac7dbc429a,d8b1c008653716274087b1445a571335249a0fedaf46ce28b2af64b75878dac2,vulkan,A,A2,81985529216486895,262144,,,,,,ordinary,H,0,100,1,0,1,6,true,ok,,,17900,54100,72000,
2,ex2-s7-3060ti-e2-8f1565f-slot-032,EX-2,556f49c5b77062a1797030fe5fd732155a492790d05b0de6bd97d0ac7dbc429a,d8b1c008653716274087b1445a571335249a0fedaf46ce28b2af64b75878dac2,vulkan,A,A2,81985529216486895,262144,,,,,,ordinary,H,0,100,1,0,1,7,true,ok,,,17900,50000,67900,
2,ex2-s7-3060ti-e2-8f1565f-slot-032,EX-2,556f49c5b77062a1797030fe5fd732155a492790d05b0de6bd97d0ac7dbc429a,d8b1c008653716274087b1445a571335249a0fedaf46ce28b2af64b75878dac2,vulkan,A,A2,81985529216486895,262144,,,,,,ordinary,H,0,100,1,0,1,8,true,ok,,,18000,49900,67900,
2,ex2-s7-3060ti-e2-8f1565f-slot-032,EX-2,556f49c5b77062a1797030fe5fd732155a492790d05b0de6bd97d0ac7dbc429a,d8b1c008653716274087b1445a571335249a0fedaf46ce28b2af64b75878dac2,vulkan,A,A2,81985529216486895,262144,,,,,,ordinary,H,0,100,1,0,1,9,true,ok,,,18700,62900,81600,
2,ex2-s7-3060ti-e2-8f1565f-slot-032,EX-2,556f49c5b77062a1797030fe5fd732155a492790d05b0de6bd97d0ac7dbc429a,d8b1c008653716274087b1445a571335249a0fedaf46ce28b2af64b75878dac2,vulkan,A,A2,81985529216486895,262144,,,,,,ordinary,H,0,100,1,0,1,10,true,ok,,,18300,62300,80600,
2,ex2-s7-3060ti-e2-8f1565f-slot-032,EX-2,556f49c5b77062a1797030fe5fd732155a492790d05b0de6bd97d0ac7dbc429a,d8b1c008653716274087b1445a571335249a0fedaf46ce28b2af64b75878dac2,vulkan,A,A2,81985529216486895,262144,,,,,,ordinary,H,0,100,1,0,1,11,true,ok,,,18000,52100,70100,
2,ex2-s7-3060ti-e2-8f1565f-slot-032,EX-2,556f49c5b77062a1797030fe5fd732155a492790d05b0de6bd97d0ac7dbc429a,d8b1c008653716274087b1445a571335249a0fedaf46ce28b2af64b75878dac2,vulkan,A,A2,81985529216486895,262144,,,,,,ordinary,H,0,100,1,0,1,12,true,ok,,,17800,50400,68200,
2,ex2-s7-3060ti-e2-8f1565f-slot-032,EX-2,556f49c5b77062a1797030fe5fd732155a492790d05b0de6bd97d0ac7dbc429a,d8b1c008653716274087b1445a571335249a0fedaf46ce28b2af64b75878dac2,vulkan,A,A2,81985529216486895,262144,,,,,,ordinary,H,0,100,1,0,1,13,true,ok,,,18200,50600,68800,
2,ex2-s7-3060ti-e2-8f1565f-slot-032,EX-2,556f49c5b77062a1797030fe5fd732155a492790d05b0de6bd97d0ac7dbc429a,d8b1c008653716274087b1445a571335249a0fedaf46ce28b2af64b75878dac2,vulkan,A,A2,81985529216486895,262144,,,,,,ordinary,H,0,100,1,0,1,14,true,ok,,,18400,76100,94500,
2,ex2-s7-3060ti-e2-8f1565f-slot-032,EX-2,556f49c5b77062a1797030fe5fd732155a492790d05b0de6bd97d0ac7dbc429a,d8b1c008653716274087b1445a571335249a0fedaf46ce28b2af64b75878dac2,vulkan,A,A2,81985529216486895,262144,,,,,,ordinary,H,0,100,1,0,1,15,true,ok,,,18500,57700,76200,
2,ex2-s7-3060ti-e2-8f1565f-slot-032,EX-2,556f49c5b77062a1797030fe5fd732155a492790d05b0de6bd97d0ac7dbc429a,d8b1c008653716274087b1445a571335249a0fedaf46ce28b2af64b75878dac2,vulkan,A,A2,81985529216486895,262144,,,,,,ordinary,H,0,100,1,0,1,16,true,ok,,,18600,61800,80400,
2,ex2-s7-3060ti-e2-8f1565f-slot-032,EX-2,556f49c5b77062a1797030fe5fd732155a492790d05b0de6bd97d0ac7dbc429a,d8b1c008653716274087b1445a571335249a0fedaf46ce28b2af64b75878dac2,vulkan,A,A2,81985529216486895,262144,,,,,,ordinary,H,0,100,1,0,1,17,true,ok,,,18700,51400,70100,
2,ex2-s7-3060ti-e2-8f1565f-slot-032,EX-2,556f49c5b77062a1797030fe5fd732155a492790d05b0de6bd97d0ac7dbc429a,d8b1c008653716274087b1445a571335249a0fedaf46ce28b2af64b75878dac2,vulkan,A,A2,81985529216486895,262144,,,,,,ordinary,H,0,100,1,0,1,18,true,ok,,,18600,50000,68600,
2,ex2-s7-3060ti-e2-8f1565f-slot-032,EX-2,556f49c5b77062a1797030fe5fd732155a492790d05b0de6bd97d0ac7dbc429a,d8b1c008653716274087b1445a571335249a0fedaf46ce28b2af64b75878dac2,vulkan,A,A2,81985529216486895,262144,,,,,,ordinary,H,0,100,1,0,1,19,true,ok,,,18100,52400,70500,
2,ex2-s7-3060ti-e2-8f1565f-slot-032,EX-2,556f49c5b77062a1797030fe5fd732155a492790d05b0de6bd97d0ac7dbc429a,d8b1c008653716274087b1445a571335249a0fedaf46ce28b2af64b75878dac2,vulkan,A,A2,81985529216486895,262144,,,,,,ordinary,H,0,100,1,0,1,20,true,ok,,,18300,52800,71100,
2,ex2-s7-3060ti-e2-8f1565f-slot-032,EX-2,556f49c5b77062a1797030fe5fd732155a492790d05b0de6bd97d0ac7dbc429a,d8b1c008653716274087b1445a571335249a0fedaf46ce28b2af64b75878dac2,vulkan,A,A2,81985529216486895,262144,,,,,,ordinary,H,0,100,1,0,1,21,true,ok,,,18100,49600,67700,
2,ex2-s7-3060ti-e2-8f1565f-slot-032,EX-2,556f49c5b77062a1797030fe5fd732155a492790d05b0de6bd97d0ac7dbc429a,d8b1c008653716274087b1445a571335249a0fedaf46ce28b2af64b75878dac2,vulkan,A,A2,81985529216486895,262144,,,,,,ordinary,H,0,100,1,0,1,22,true,ok,,,21500,159600,181100,
2,ex2-s7-3060ti-e2-8f1565f-slot-032,EX-2,556f49c5b77062a1797030fe5fd732155a492790d05b0de6bd97d0ac7dbc429a,d8b1c008653716274087b1445a571335249a0fedaf46ce28b2af64b75878dac2,vulkan,A,A2,81985529216486895,262144,,,,,,ordinary,H,0,100,1,0,1,23,true,ok,,,18800,57600,76400,
2,ex2-s7-3060ti-e2-8f1565f-slot-032,EX-2,556f49c5b77062a1797030fe5fd732155a492790d05b0de6bd97d0ac7dbc429a,d8b1c008653716274087b1445a571335249a0fedaf46ce28b2af64b75878dac2,vulkan,A,A2,81985529216486895,262144,,,,,,ordinary,H,0,100,1,0,1,24,true,ok,,,18100,50700,68800,
2,ex2-s7-3060ti-e2-8f1565f-slot-032,EX-2,556f49c5b77062a1797030fe5fd732155a492790d05b0de6bd97d0ac7dbc429a,d8b1c008653716274087b1445a571335249a0fedaf46ce28b2af64b75878dac2,vulkan,A,A2,81985529216486895,262144,,,,,,ordinary,H,0,100,1,0,1,25,true,ok,,,18000,52100,70100,
2,ex2-s7-3060ti-e2-8f1565f-slot-032,EX-2,556f49c5b77062a1797030fe5fd732155a492790d05b0de6bd97d0ac7dbc429a,d8b1c008653716274087b1445a571335249a0fedaf46ce28b2af64b75878dac2,vulkan,A,A2,81985529216486895,262144,,,,,,ordinary,H,0,100,1,0,1,26,true,ok,,,26900,41000,67900,
2,ex2-s7-3060ti-e2-8f1565f-slot-032,EX-2,556f49c5b77062a1797030fe5fd732155a492790d05b0de6bd97d0ac7dbc429a,d8b1c008653716274087b1445a571335249a0fedaf46ce28b2af64b75878dac2,vulkan,A,A2,81985529216486895,262144,,,,,,ordinary,H,0,100,1,0,1,27,true,ok,,,18100,157100,175200,
2,ex2-s7-3060ti-e2-8f1565f-slot-032,EX-2,556f49c5b77062a1797030fe5fd732155a492790d05b0de6bd97d0ac7dbc429a,d8b1c008653716274087b1445a571335249a0fedaf46ce28b2af64b75878dac2,vulkan,A,A2,81985529216486895,262144,,,,,,ordinary,H,0,100,1,0,1,28,true,ok,,,18500,49400,67900,
2,ex2-s7-3060ti-e2-8f1565f-slot-032,EX-2,556f49c5b77062a1797030fe5fd732155a492790d05b0de6bd97d0ac7dbc429a,d8b1c008653716274087b1445a571335249a0fedaf46ce28b2af64b75878dac2,vulkan,A,A2,81985529216486895,262144,,,,,,ordinary,H,0,100,1,0,1,29,true,ok,,,18000,53100,71100,
2,ex2-s7-3060ti-e2-8f1565f-slot-032,EX-2,556f49c5b77062a1797030fe5fd732155a492790d05b0de6bd97d0ac7dbc429a,d8b1c008653716274087b1445a571335249a0fedaf46ce28b2af64b75878dac2,vulkan,A,A2,81985529216486895,262144,,,,,,ordinary,H,0,100,1,0,1,30,true,ok,,,17900,51700,69600,
2,ex2-s7-3060ti-e2-8f1565f-slot-032,EX-2,556f49c5b77062a1797030fe5fd732155a492790d05b0de6bd97d0ac7dbc429a,d8b1c008653716274087b1445a571335249a0fedaf46ce28b2af64b75878dac2,vulkan,A,A2,81985529216486895,262144,,,,,,ordinary,H,0,100,1,0,1,31,true,ok,,,22000,60100,82100,
2,ex2-s7-3060ti-e2-8f1565f-slot-032,EX-2,556f49c5b77062a1797030fe5fd732155a492790d05b0de6bd97d0ac7dbc429a,d8b1c008653716274087b1445a571335249a0fedaf46ce28b2af64b75878dac2,vulkan,A,A2,81985529216486895,262144,,,,,,ordinary,H,0,100,1,0,1,32,true,ok,,,18100,50100,68200,
2,ex2-s7-3060ti-e2-8f1565f-slot-032,EX-2,556f49c5b77062a1797030fe5fd732155a492790d05b0de6bd97d0ac7dbc429a,d8b1c008653716274087b1445a571335249a0fedaf46ce28b2af64b75878dac2,vulkan,A,A2,81985529216486895,262144,,,,,,ordinary,H,0,100,1,0,1,33,true,ok,,,21400,182700,204100,
2,ex2-s7-3060ti-e2-8f1565f-slot-032,EX-2,556f49c5b77062a1797030fe5fd732155a492790d05b0de6bd97d0ac7dbc429a,d8b1c008653716274087b1445a571335249a0fedaf46ce28b2af64b75878dac2,vulkan,A,A2,81985529216486895,262144,,,,,,ordinary,H,0,100,1,0,1,34,true,ok,,,17800,50300,68100,
2,ex2-s7-3060ti-e2-8f1565f-slot-032,EX-2,556f49c5b77062a1797030fe5fd732155a492790d05b0de6bd97d0ac7dbc429a,d8b1c008653716274087b1445a571335249a0fedaf46ce28b2af64b75878dac2,vulkan,A,A2,81985529216486895,262144,,,,,,ordinary,H,0,100,1,0,1,35,true,ok,,,18100,52600,70700,
2,ex2-s7-3060ti-e2-8f1565f-slot-032,EX-2,556f49c5b77062a1797030fe5fd732155a492790d05b0de6bd97d0ac7dbc429a,d8b1c008653716274087b1445a571335249a0fedaf46ce28b2af64b75878dac2,vulkan,A,A2,81985529216486895,262144,,,,,,ordinary,H,0,100,1,0,1,36,true,ok,,,23900,46600,70500,
2,ex2-s7-3060ti-e2-8f1565f-slot-032,EX-2,556f49c5b77062a1797030fe5fd732155a492790d05b0de6bd97d0ac7dbc429a,d8b1c008653716274087b1445a571335249a0fedaf46ce28b2af64b75878dac2,vulkan,A,A2,81985529216486895,262144,,,,,,ordinary,H,0,100,1,0,1,37,true,ok,,,17700,50100,67800,
2,ex2-s7-3060ti-e2-8f1565f-slot-032,EX-2,556f49c5b77062a1797030fe5fd732155a492790d05b0de6bd97d0ac7dbc429a,d8b1c008653716274087b1445a571335249a0fedaf46ce28b2af64b75878dac2,vulkan,A,A2,81985529216486895,262144,,,,,,ordinary,H,0,100,1,0,1,38,true,ok,,,16600,303300,319900,
2,ex2-s7-3060ti-e2-8f1565f-slot-032,EX-2,556f49c5b77062a1797030fe5fd732155a492790d05b0de6bd97d0ac7dbc429a,d8b1c008653716274087b1445a571335249a0fedaf46ce28b2af64b75878dac2,vulkan,A,A2,81985529216486895,262144,,,,,,ordinary,H,0,100,1,0,1,39,true,ok,,,18200,301500,319700,
2,ex2-s7-3060ti-e2-8f1565f-slot-032,EX-2,556f49c5b77062a1797030fe5fd732155a492790d05b0de6bd97d0ac7dbc429a,d8b1c008653716274087b1445a571335249a0fedaf46ce28b2af64b75878dac2,vulkan,A,A2,81985529216486895,262144,,,,,,ordinary,H,0,100,1,0,1,40,true,ok,,,18900,62300,81200,
2,ex2-s7-3060ti-e2-8f1565f-slot-032,EX-2,556f49c5b77062a1797030fe5fd732155a492790d05b0de6bd97d0ac7dbc429a,d8b1c008653716274087b1445a571335249a0fedaf46ce28b2af64b75878dac2,vulkan,A,A2,81985529216486895,262144,,,,,,ordinary,H,0,100,1,0,1,41,true,ok,,,18100,49800,67900,
2,ex2-s7-3060ti-e2-8f1565f-slot-032,EX-2,556f49c5b77062a1797030fe5fd732155a492790d05b0de6bd97d0ac7dbc429a,d8b1c008653716274087b1445a571335249a0fedaf46ce28b2af64b75878dac2,vulkan,A,A2,81985529216486895,262144,,,,,,ordinary,H,0,100,1,0,1,42,true,ok,,,18000,52400,70400,
2,ex2-s7-3060ti-e2-8f1565f-slot-032,EX-2,556f49c5b77062a1797030fe5fd732155a492790d05b0de6bd97d0ac7dbc429a,d8b1c008653716274087b1445a571335249a0fedaf46ce28b2af64b75878dac2,vulkan,A,A2,81985529216486895,262144,,,,,,ordinary,H,0,100,1,0,1,43,true,ok,,,18800,53300,72100,
2,ex2-s7-3060ti-e2-8f1565f-slot-032,EX-2,556f49c5b77062a1797030fe5fd732155a492790d05b0de6bd97d0ac7dbc429a,d8b1c008653716274087b1445a571335249a0fedaf46ce28b2af64b75878dac2,vulkan,A,A2,81985529216486895,262144,,,,,,ordinary,H,0,100,1,0,1,44,true,ok,,,18100,167400,185500,
2,ex2-s7-3060ti-e2-8f1565f-slot-032,EX-2,556f49c5b77062a1797030fe5fd732155a492790d05b0de6bd97d0ac7dbc429a,d8b1c008653716274087b1445a571335249a0fedaf46ce28b2af64b75878dac2,vulkan,A,A2,81985529216486895,262144,,,,,,ordinary,H,0,100,1,0,1,45,true,ok,,,18000,50400,68400,
2,ex2-s7-3060ti-e2-8f1565f-slot-032,EX-2,556f49c5b77062a1797030fe5fd732155a492790d05b0de6bd97d0ac7dbc429a,d8b1c008653716274087b1445a571335249a0fedaf46ce28b2af64b75878dac2,vulkan,A,A2,81985529216486895,262144,,,,,,ordinary,H,0,100,1,0,1,46,true,ok,,,19500,53200,72700,
2,ex2-s7-3060ti-e2-8f1565f-slot-032,EX-2,556f49c5b77062a1797030fe5fd732155a492790d05b0de6bd97d0ac7dbc429a,d8b1c008653716274087b1445a571335249a0fedaf46ce28b2af64b75878dac2,vulkan,A,A2,81985529216486895,262144,,,,,,ordinary,H,0,100,1,0,1,47,true,ok,,,17800,50400,68200,
2,ex2-s7-3060ti-e2-8f1565f-slot-032,EX-2,556f49c5b77062a1797030fe5fd732155a492790d05b0de6bd97d0ac7dbc429a,d8b1c008653716274087b1445a571335249a0fedaf46ce28b2af64b75878dac2,vulkan,A,A2,81985529216486895,262144,,,,,,ordinary,H,0,100,1,0,1,48,true,ok,,,18000,52800,70800,
2,ex2-s7-3060ti-e2-8f1565f-slot-032,EX-2,556f49c5b77062a1797030fe5fd732155a492790d05b0de6bd97d0ac7dbc429a,d8b1c008653716274087b1445a571335249a0fedaf46ce28b2af64b75878dac2,vulkan,A,A2,81985529216486895,262144,,,,,,ordinary,H,0,100,1,0,1,49,true,ok,,,17900,53900,71800,
2,ex2-s7-3060ti-e2-8f1565f-slot-032,EX-2,556f49c5b77062a1797030fe5fd732155a492790d05b0de6bd97d0ac7dbc429a,d8b1c008653716274087b1445a571335249a0fedaf46ce28b2af64b75878dac2,vulkan,A,A2,81985529216486895,262144,,,,,,ordinary,H,0,100,1,0,1,50,true,ok,,,17800,239400,257200,
2,ex2-s7-3060ti-e2-8f1565f-slot-032,EX-2,556f49c5b77062a1797030fe5fd732155a492790d05b0de6bd97d0ac7dbc429a,d8b1c008653716274087b1445a571335249a0fedaf46ce28b2af64b75878dac2,vulkan,A,A2,81985529216486895,262144,,,,,,ordinary,H,0,100,1,0,1,51,true,ok,,,17800,50600,68400,
2,ex2-s7-3060ti-e2-8f1565f-slot-032,EX-2,556f49c5b77062a1797030fe5fd732155a492790d05b0de6bd97d0ac7dbc429a,d8b1c008653716274087b1445a571335249a0fedaf46ce28b2af64b75878dac2,vulkan,A,A2,81985529216486895,262144,,,,,,ordinary,H,0,100,1,0,1,52,true,ok,,,17700,50000,67700,
2,ex2-s7-3060ti-e2-8f1565f-slot-032,EX-2,556f49c5b77062a1797030fe5fd732155a492790d05b0de6bd97d0ac7dbc429a,d8b1c008653716274087b1445a571335249a0fedaf46ce28b2af64b75878dac2,vulkan,A,A2,81985529216486895,262144,,,,,,ordinary,H,0,100,1,0,1,53,true,ok,,,18200,55600,73800,
2,ex2-s7-3060ti-e2-8f1565f-slot-032,EX-2,556f49c5b77062a1797030fe5fd732155a492790d05b0de6bd97d0ac7dbc429a,d8b1c008653716274087b1445a571335249a0fedaf46ce28b2af64b75878dac2,vulkan,A,A2,81985529216486895,262144,,,,,,ordinary,H,0,100,1,0,1,54,true,ok,,,17900,55600,73500,
2,ex2-s7-3060ti-e2-8f1565f-slot-032,EX-2,556f49c5b77062a1797030fe5fd732155a492790d05b0de6bd97d0ac7dbc429a,d8b1c008653716274087b1445a571335249a0fedaf46ce28b2af64b75878dac2,vulkan,A,A2,81985529216486895,262144,,,,,,ordinary,H,0,100,1,0,1,55,true,ok,,,17900,522800,540700,
2,ex2-s7-3060ti-e2-8f1565f-slot-032,EX-2,556f49c5b77062a1797030fe5fd732155a492790d05b0de6bd97d0ac7dbc429a,d8b1c008653716274087b1445a571335249a0fedaf46ce28b2af64b75878dac2,vulkan,A,A2,81985529216486895,262144,,,,,,ordinary,H,0,100,1,0,1,56,true,ok,,,18000,54800,72800,
2,ex2-s7-3060ti-e2-8f1565f-slot-032,EX-2,556f49c5b77062a1797030fe5fd732155a492790d05b0de6bd97d0ac7dbc429a,d8b1c008653716274087b1445a571335249a0fedaf46ce28b2af64b75878dac2,vulkan,A,A2,81985529216486895,262144,,,,,,ordinary,H,0,100,1,0,1,57,true,ok,,,17900,50200,68100,
2,ex2-s7-3060ti-e2-8f1565f-slot-032,EX-2,556f49c5b77062a1797030fe5fd732155a492790d05b0de6bd97d0ac7dbc429a,d8b1c008653716274087b1445a571335249a0fedaf46ce28b2af64b75878dac2,vulkan,A,A2,81985529216486895,262144,,,,,,ordinary,H,0,100,1,0,1,58,true,ok,,,17600,52800,70400,
2,ex2-s7-3060ti-e2-8f1565f-slot-032,EX-2,556f49c5b77062a1797030fe5fd732155a492790d05b0de6bd97d0ac7dbc429a,d8b1c008653716274087b1445a571335249a0fedaf46ce28b2af64b75878dac2,vulkan,A,A2,81985529216486895,262144,,,,,,ordinary,H,0,100,1,0,1,59,true,ok,,,18400,51700,70100,
2,ex2-s7-3060ti-e2-8f1565f-slot-032,EX-2,556f49c5b77062a1797030fe5fd732155a492790d05b0de6bd97d0ac7dbc429a,d8b1c008653716274087b1445a571335249a0fedaf46ce28b2af64b75878dac2,vulkan,A,A2,81985529216486895,262144,,,,,,ordinary,H,0,100,1,0,1,60,true,ok,,,17900,53100,71000,
2,ex2-s7-3060ti-e2-8f1565f-slot-032,EX-2,556f49c5b77062a1797030fe5fd732155a492790d05b0de6bd97d0ac7dbc429a,d8b1c008653716274087b1445a571335249a0fedaf46ce28b2af64b75878dac2,vulkan,A,A2,81985529216486895,262144,,,,,,ordinary,H,0,100,1,0,1,61,true,ok,,,17600,63600,81200,
2,ex2-s7-3060ti-e2-8f1565f-slot-032,EX-2,556f49c5b77062a1797030fe5fd732155a492790d05b0de6bd97d0ac7dbc429a,d8b1c008653716274087b1445a571335249a0fedaf46ce28b2af64b75878dac2,vulkan,A,A2,81985529216486895,262144,,,,,,ordinary,H,0,100,1,0,1,62,true,ok,,,103600,200500,304100,
2,ex2-s7-3060ti-e2-8f1565f-slot-032,EX-2,556f49c5b77062a1797030fe5fd732155a492790d05b0de6bd97d0ac7dbc429a,d8b1c008653716274087b1445a571335249a0fedaf46ce28b2af64b75878dac2,vulkan,A,A2,81985529216486895,262144,,,,,,ordinary,H,0,100,1,0,1,63,true,ok,,,18200,65200,83400,
2,ex2-s7-3060ti-e2-8f1565f-slot-032,EX-2,556f49c5b77062a1797030fe5fd732155a492790d05b0de6bd97d0ac7dbc429a,d8b1c008653716274087b1445a571335249a0fedaf46ce28b2af64b75878dac2,vulkan,A,A2,81985529216486895,262144,,,,,,ordinary,H,0,100,1,0,1,64,true,ok,,,17900,50900,68800,
2,ex2-s7-3060ti-e2-8f1565f-slot-032,EX-2,556f49c5b77062a1797030fe5fd732155a492790d05b0de6bd97d0ac7dbc429a,d8b1c008653716274087b1445a571335249a0fedaf46ce28b2af64b75878dac2,vulkan,A,A2,81985529216486895,262144,,,,,,ordinary,H,0,100,1,0,1,65,true,ok,,,17900,52800,70700,
2,ex2-s7-3060ti-e2-8f1565f-slot-032,EX-2,556f49c5b77062a1797030fe5fd732155a492790d05b0de6bd97d0ac7dbc429a,d8b1c008653716274087b1445a571335249a0fedaf46ce28b2af64b75878dac2,vulkan,A,A2,81985529216486895,262144,,,,,,ordinary,H,0,100,1,0,1,66,true,ok,,,17800,59200,77000,
2,ex2-s7-3060ti-e2-8f1565f-slot-032,EX-2,556f49c5b77062a1797030fe5fd732155a492790d05b0de6bd97d0ac7dbc429a,d8b1c008653716274087b1445a571335249a0fedaf46ce28b2af64b75878dac2,vulkan,A,A2,81985529216486895,262144,,,,,,ordinary,H,0,100,1,0,1,67,true,ok,,,18200,157200,175400,
2,ex2-s7-3060ti-e2-8f1565f-slot-032,EX-2,556f49c5b77062a1797030fe5fd732155a492790d05b0de6bd97d0ac7dbc429a,d8b1c008653716274087b1445a571335249a0fedaf46ce28b2af64b75878dac2,vulkan,A,A2,81985529216486895,262144,,,,,,ordinary,H,0,100,1,0,1,68,true,ok,,,18400,54400,72800,
2,ex2-s7-3060ti-e2-8f1565f-slot-032,EX-2,556f49c5b77062a1797030fe5fd732155a492790d05b0de6bd97d0ac7dbc429a,d8b1c008653716274087b1445a571335249a0fedaf46ce28b2af64b75878dac2,vulkan,A,A2,81985529216486895,262144,,,,,,ordinary,H,0,100,1,0,1,69,true,ok,,,17800,53100,70900,
2,ex2-s7-3060ti-e2-8f1565f-slot-032,EX-2,556f49c5b77062a1797030fe5fd732155a492790d05b0de6bd97d0ac7dbc429a,d8b1c008653716274087b1445a571335249a0fedaf46ce28b2af64b75878dac2,vulkan,A,A2,81985529216486895,262144,,,,,,ordinary,H,0,100,1,0,1,70,true,ok,,,18100,50600,68700,
2,ex2-s7-3060ti-e2-8f1565f-slot-032,EX-2,556f49c5b77062a1797030fe5fd732155a492790d05b0de6bd97d0ac7dbc429a,d8b1c008653716274087b1445a571335249a0fedaf46ce28b2af64b75878dac2,vulkan,A,A2,81985529216486895,262144,,,,,,ordinary,H,0,100,1,0,1,71,true,ok,,,17900,70400,88300,
2,ex2-s7-3060ti-e2-8f1565f-slot-032,EX-2,556f49c5b77062a1797030fe5fd732155a492790d05b0de6bd97d0ac7dbc429a,d8b1c008653716274087b1445a571335249a0fedaf46ce28b2af64b75878dac2,vulkan,A,A2,81985529216486895,262144,,,,,,ordinary,H,0,100,1,0,1,72,true,ok,,,19100,291000,310100,
2,ex2-s7-3060ti-e2-8f1565f-slot-032,EX-2,556f49c5b77062a1797030fe5fd732155a492790d05b0de6bd97d0ac7dbc429a,d8b1c008653716274087b1445a571335249a0fedaf46ce28b2af64b75878dac2,vulkan,A,A2,81985529216486895,262144,,,,,,ordinary,H,0,100,1,0,1,73,true,ok,,,18000,53200,71200,
2,ex2-s7-3060ti-e2-8f1565f-slot-032,EX-2,556f49c5b77062a1797030fe5fd732155a492790d05b0de6bd97d0ac7dbc429a,d8b1c008653716274087b1445a571335249a0fedaf46ce28b2af64b75878dac2,vulkan,A,A2,81985529216486895,262144,,,,,,ordinary,H,0,100,1,0,1,74,true,ok,,,18000,52600,70600,
2,ex2-s7-3060ti-e2-8f1565f-slot-032,EX-2,556f49c5b77062a1797030fe5fd732155a492790d05b0de6bd97d0ac7dbc429a,d8b1c008653716274087b1445a571335249a0fedaf46ce28b2af64b75878dac2,vulkan,A,A2,81985529216486895,262144,,,,,,ordinary,H,0,100,1,0,1,75,true,ok,,,17700,50500,68200,
2,ex2-s7-3060ti-e2-8f1565f-slot-032,EX-2,556f49c5b77062a1797030fe5fd732155a492790d05b0de6bd97d0ac7dbc429a,d8b1c008653716274087b1445a571335249a0fedaf46ce28b2af64b75878dac2,vulkan,A,A2,81985529216486895,262144,,,,,,ordinary,H,0,100,1,0,1,76,true,ok,,,24200,50000,74200,
2,ex2-s7-3060ti-e2-8f1565f-slot-032,EX-2,556f49c5b77062a1797030fe5fd732155a492790d05b0de6bd97d0ac7dbc429a,d8b1c008653716274087b1445a571335249a0fedaf46ce28b2af64b75878dac2,vulkan,A,A2,81985529216486895,262144,,,,,,ordinary,H,0,100,1,0,1,77,true,ok,,,18200,69000,87200,
2,ex2-s7-3060ti-e2-8f1565f-slot-032,EX-2,556f49c5b77062a1797030fe5fd732155a492790d05b0de6bd97d0ac7dbc429a,d8b1c008653716274087b1445a571335249a0fedaf46ce28b2af64b75878dac2,vulkan,A,A2,81985529216486895,262144,,,,,,ordinary,H,0,100,1,0,1,78,true,ok,,,19300,160700,180000,
2,ex2-s7-3060ti-e2-8f1565f-slot-032,EX-2,556f49c5b77062a1797030fe5fd732155a492790d05b0de6bd97d0ac7dbc429a,d8b1c008653716274087b1445a571335249a0fedaf46ce28b2af64b75878dac2,vulkan,A,A2,81985529216486895,262144,,,,,,ordinary,H,0,100,1,0,1,79,true,ok,,,18300,50100,68400,
2,ex2-s7-3060ti-e2-8f1565f-slot-032,EX-2,556f49c5b77062a1797030fe5fd732155a492790d05b0de6bd97d0ac7dbc429a,d8b1c008653716274087b1445a571335249a0fedaf46ce28b2af64b75878dac2,vulkan,A,A2,81985529216486895,262144,,,,,,ordinary,H,0,100,1,0,1,80,true,ok,,,18100,60400,78500,
2,ex2-s7-3060ti-e2-8f1565f-slot-032,EX-2,556f49c5b77062a1797030fe5fd732155a492790d05b0de6bd97d0ac7dbc429a,d8b1c008653716274087b1445a571335249a0fedaf46ce28b2af64b75878dac2,vulkan,A,A2,81985529216486895,262144,,,,,,ordinary,H,0,100,1,0,1,81,true,ok,,,17800,54200,72000,
2,ex2-s7-3060ti-e2-8f1565f-slot-032,EX-2,556f49c5b77062a1797030fe5fd732155a492790d05b0de6bd97d0ac7dbc429a,d8b1c008653716274087b1445a571335249a0fedaf46ce28b2af64b75878dac2,vulkan,A,A2,81985529216486895,262144,,,,,,ordinary,H,0,100,1,0,1,82,true,ok,,,17900,49600,67500,
2,ex2-s7-3060ti-e2-8f1565f-slot-032,EX-2,556f49c5b77062a1797030fe5fd732155a492790d05b0de6bd97d0ac7dbc429a,d8b1c008653716274087b1445a571335249a0fedaf46ce28b2af64b75878dac2,vulkan,A,A2,81985529216486895,262144,,,,,,ordinary,H,0,100,1,0,1,83,true,ok,,,20400,277900,298300,
2,ex2-s7-3060ti-e2-8f1565f-slot-032,EX-2,556f49c5b77062a1797030fe5fd732155a492790d05b0de6bd97d0ac7dbc429a,d8b1c008653716274087b1445a571335249a0fedaf46ce28b2af64b75878dac2,vulkan,A,A2,81985529216486895,262144,,,,,,ordinary,H,0,100,1,0,1,84,true,ok,,,17800,51400,69200,
2,ex2-s7-3060ti-e2-8f1565f-slot-032,EX-2,556f49c5b77062a1797030fe5fd732155a492790d05b0de6bd97d0ac7dbc429a,d8b1c008653716274087b1445a571335249a0fedaf46ce28b2af64b75878dac2,vulkan,A,A2,81985529216486895,262144,,,,,,ordinary,H,0,100,1,0,1,85,true,ok,,,17900,50100,68000,
2,ex2-s7-3060ti-e2-8f1565f-slot-032,EX-2,556f49c5b77062a1797030fe5fd732155a492790d05b0de6bd97d0ac7dbc429a,d8b1c008653716274087b1445a571335249a0fedaf46ce28b2af64b75878dac2,vulkan,A,A2,81985529216486895,262144,,,,,,ordinary,H,0,100,1,0,1,86,true,ok,,,18300,52600,70900,
2,ex2-s7-3060ti-e2-8f1565f-slot-032,EX-2,556f49c5b77062a1797030fe5fd732155a492790d05b0de6bd97d0ac7dbc429a,d8b1c008653716274087b1445a571335249a0fedaf46ce28b2af64b75878dac2,vulkan,A,A2,81985529216486895,262144,,,,,,ordinary,H,0,100,1,0,1,87,true,ok,,,18500,50600,69100,
2,ex2-s7-3060ti-e2-8f1565f-slot-032,EX-2,556f49c5b77062a1797030fe5fd732155a492790d05b0de6bd97d0ac7dbc429a,d8b1c008653716274087b1445a571335249a0fedaf46ce28b2af64b75878dac2,vulkan,A,A2,81985529216486895,262144,,,,,,ordinary,H,0,100,1,0,1,88,true,ok,,,17900,50300,68200,
2,ex2-s7-3060ti-e2-8f1565f-slot-032,EX-2,556f49c5b77062a1797030fe5fd732155a492790d05b0de6bd97d0ac7dbc429a,d8b1c008653716274087b1445a571335249a0fedaf46ce28b2af64b75878dac2,vulkan,A,A2,81985529216486895,262144,,,,,,ordinary,H,0,100,1,0,1,89,true,ok,,,22000,279600,301600,
2,ex2-s7-3060ti-e2-8f1565f-slot-032,EX-2,556f49c5b77062a1797030fe5fd732155a492790d05b0de6bd97d0ac7dbc429a,d8b1c008653716274087b1445a571335249a0fedaf46ce28b2af64b75878dac2,vulkan,A,A2,81985529216486895,262144,,,,,,ordinary,H,0,100,1,0,1,90,true,ok,,,18600,62800,81400,
2,ex2-s7-3060ti-e2-8f1565f-slot-032,EX-2,556f49c5b77062a1797030fe5fd732155a492790d05b0de6bd97d0ac7dbc429a,d8b1c008653716274087b1445a571335249a0fedaf46ce28b2af64b75878dac2,vulkan,A,A2,81985529216486895,262144,,,,,,ordinary,H,0,100,1,0,1,91,true,ok,,,17900,50800,68700,
2,ex2-s7-3060ti-e2-8f1565f-slot-032,EX-2,556f49c5b77062a1797030fe5fd732155a492790d05b0de6bd97d0ac7dbc429a,d8b1c008653716274087b1445a571335249a0fedaf46ce28b2af64b75878dac2,vulkan,A,A2,81985529216486895,262144,,,,,,ordinary,H,0,100,1,0,1,92,true,ok,,,17700,52200,69900,
2,ex2-s7-3060ti-e2-8f1565f-slot-032,EX-2,556f49c5b77062a1797030fe5fd732155a492790d05b0de6bd97d0ac7dbc429a,d8b1c008653716274087b1445a571335249a0fedaf46ce28b2af64b75878dac2,vulkan,A,A2,81985529216486895,262144,,,,,,ordinary,H,0,100,1,0,1,93,true,ok,,,18000,68100,86100,
2,ex2-s7-3060ti-e2-8f1565f-slot-032,EX-2,556f49c5b77062a1797030fe5fd732155a492790d05b0de6bd97d0ac7dbc429a,d8b1c008653716274087b1445a571335249a0fedaf46ce28b2af64b75878dac2,vulkan,A,A2,81985529216486895,262144,,,,,,ordinary,H,0,100,1,0,1,94,true,ok,,,22500,66400,88900,
2,ex2-s7-3060ti-e2-8f1565f-slot-032,EX-2,556f49c5b77062a1797030fe5fd732155a492790d05b0de6bd97d0ac7dbc429a,d8b1c008653716274087b1445a571335249a0fedaf46ce28b2af64b75878dac2,vulkan,A,A2,81985529216486895,262144,,,,,,ordinary,H,0,100,1,0,1,95,true,ok,,,19100,158100,177200,
2,ex2-s7-3060ti-e2-8f1565f-slot-032,EX-2,556f49c5b77062a1797030fe5fd732155a492790d05b0de6bd97d0ac7dbc429a,d8b1c008653716274087b1445a571335249a0fedaf46ce28b2af64b75878dac2,vulkan,A,A2,81985529216486895,262144,,,,,,ordinary,H,0,100,1,0,1,96,true,ok,,,18200,50700,68900,
2,ex2-s7-3060ti-e2-8f1565f-slot-032,EX-2,556f49c5b77062a1797030fe5fd732155a492790d05b0de6bd97d0ac7dbc429a,d8b1c008653716274087b1445a571335249a0fedaf46ce28b2af64b75878dac2,vulkan,A,A2,81985529216486895,262144,,,,,,ordinary,H,0,100,1,0,1,97,true,ok,,,17900,49900,67800,
2,ex2-s7-3060ti-e2-8f1565f-slot-032,EX-2,556f49c5b77062a1797030fe5fd732155a492790d05b0de6bd97d0ac7dbc429a,d8b1c008653716274087b1445a571335249a0fedaf46ce28b2af64b75878dac2,vulkan,A,A2,81985529216486895,262144,,,,,,ordinary,H,0,100,1,0,1,98,true,ok,,,17800,52600,70400,
2,ex2-s7-3060ti-e2-8f1565f-slot-032,EX-2,556f49c5b77062a1797030fe5fd732155a492790d05b0de6bd97d0ac7dbc429a,d8b1c008653716274087b1445a571335249a0fedaf46ce28b2af64b75878dac2,vulkan,A,A2,81985529216486895,262144,,,,,,ordinary,H,0,100,1,0,1,99,true,ok,,,19200,184500,203700,
